交叉口,时间段,车辆数,车辆密度,日期
环东路-纬中路,2024-04-01 06:00:00,710,202.85714285714286,4月1日
环西路-纬中路,2024-04-01 00:00:00,678,193.71428571428572,4月1日
环西路-纬中路,2024-04-01 01:00:00,428,122.28571428571429,4月1日
环西路-纬中路,2024-04-01 02:00:00,233,66.57142857142857,4月1日
环西路-纬中路,2024-04-01 03:00:00,163,46.57142857142857,4月1日
环西路-纬中路,2024-04-01 04:00:00,198,56.57142857142857,4月1日
环西路-纬中路,2024-04-01 05:00:00,377,107.71428571428571,4月1日
环西路-纬中路,2024-04-01 06:00:00,1777,507.7142857142857,4月1日
环西路-纬中路,2024-04-01 07:00:00,5471,1563.142857142857,4月1日
环西路-纬中路,2024-04-01 08:00:00,3766,1076.0,4月1日
环西路-纬中路,2024-04-01 09:00:00,3187,910.5714285714286,4月1日
环西路-纬中路,2024-04-01 10:00:00,2887,824.8571428571429,4月1日
环西路-纬中路,2024-04-01 11:00:00,3334,952.5714285714286,4月1日
环西路-纬中路,2024-04-01 12:00:00,3432,980.5714285714286,4月1日
环西路-纬中路,2024-04-01 13:00:00,3688,1053.7142857142858,4月1日
环西路-纬中路,2024-04-01 14:00:00,3518,1005.1428571428571,4月1日
环西路-纬中路,2024-04-01 15:00:00,3668,1048.0,4月1日
环西路-纬中路,2024-04-01 16:00:00,4573,1306.5714285714287,4月1日
环西路-纬中路,2024-04-01 17:00:00,4895,1398.5714285714287,4月1日
环西路-纬中路,2024-04-01 18:00:00,3852,1100.5714285714287,4月1日
环西路-纬中路,2024-04-01 19:00:00,3377,964.8571428571429,4月1日
环西路-纬中路,2024-04-01 20:00:00,2786,796.0,4月1日
环西路-纬中路,2024-04-01 21:00:00,2396,684.5714285714286,4月1日
环西路-纬中路,2024-04-01 22:00:00,1626,464.57142857142856,4月1日
环西路-纬中路,2024-04-01 23:00:00,1194,341.14285714285717,4月1日
纬中路-景区出入口,2024-04-01 00:00:00,82,23.428571428571427,4月1日
纬中路-景区出入口,2024-04-01 01:00:00,68,19.428571428571427,4月1日
纬中路-景区出入口,2024-04-01 02:00:00,15,4.285714285714286,4月1日
纬中路-景区出入口,2024-04-01 06:00:00,8,2.2857142857142856,4月1日
纬中路-景区出入口,2024-04-01 07:00:00,440,125.71428571428571,4月1日
纬中路-景区出入口,2024-04-01 08:00:00,448,128.0,4月1日
纬中路-景区出入口,2024-04-01 09:00:00,434,124.0,4月1日
纬中路-景区出入口,2024-04-01 10:00:00,503,143.71428571428572,4月1日
纬中路-景区出入口,2024-04-01 11:00:00,545,155.71428571428572,4月1日
纬中路-景区出入口,2024-04-01 12:00:00,451,128.85714285714286,4月1日
纬中路-景区出入口,2024-04-01 13:00:00,525,150.0,4月1日
纬中路-景区出入口,2024-04-01 14:00:00,499,142.57142857142858,4月1日
纬中路-景区出入口,2024-04-01 15:00:00,491,140.28571428571428,4月1日
纬中路-景区出入口,2024-04-01 16:00:00,560,160.0,4月1日
纬中路-景区出入口,2024-04-01 17:00:00,700,200.0,4月1日
纬中路-景区出入口,2024-04-01 18:00:00,512,146.28571428571428,4月1日
纬中路-景区出入口,2024-04-01 19:00:00,482,137.71428571428572,4月1日
纬中路-景区出入口,2024-04-01 20:00:00,360,102.85714285714286,4月1日
纬中路-景区出入口,2024-04-01 21:00:00,286,81.71428571428571,4月1日
纬中路-景区出入口,2024-04-01 22:00:00,164,46.857142857142854,4月1日
纬中路-景区出入口,2024-04-01 23:00:00,154,44.0,4月1日
经一路-纬中路,2024-04-01 06:00:00,215,61.42857142857143,4月1日
经一路-纬中路,2024-04-01 07:00:00,1272,363.42857142857144,4月1日
经一路-纬中路,2024-04-01 08:00:00,1842,526.2857142857143,4月1日
经一路-纬中路,2024-04-01 09:00:00,1318,376.57142857142856,4月1日
经一路-纬中路,2024-04-01 10:00:00,1117,319.14285714285717,4月1日
经一路-纬中路,2024-04-01 11:00:00,1452,414.85714285714283,4月1日
经一路-纬中路,2024-04-01 12:00:00,1093,312.2857142857143,4月1日
经一路-纬中路,2024-04-01 13:00:00,1382,394.85714285714283,4月1日
经一路-纬中路,2024-04-01 14:00:00,1127,322.0,4月1日
经一路-纬中路,2024-04-01 15:00:00,1509,431.14285714285717,4月1日
经一路-纬中路,2024-04-01 16:00:00,1682,480.57142857142856,4月1日
经一路-纬中路,2024-04-01 17:00:00,1869,534.0,4月1日
经一路-纬中路,2024-04-01 18:00:00,1659,474.0,4月1日
经一路-纬中路,2024-04-01 19:00:00,1490,425.7142857142857,4月1日
经一路-纬中路,2024-04-01 20:00:00,1324,378.2857142857143,4月1日
经一路-纬中路,2024-04-01 21:00:00,992,283.42857142857144,4月1日
经一路-纬中路,2024-04-01 22:00:00,725,207.14285714285714,4月1日
经一路-纬中路,2024-04-01 23:00:00,612,174.85714285714286,4月1日
经三路-纬中路,2024-04-01 00:00:00,254,72.57142857142857,4月1日
经三路-纬中路,2024-04-01 01:00:00,139,39.714285714285715,4月1日
经三路-纬中路,2024-04-01 02:00:00,83,23.714285714285715,4月1日
经三路-纬中路,2024-04-01 03:00:00,39,11.142857142857142,4月1日
经三路-纬中路,2024-04-01 04:00:00,68,19.428571428571427,4月1日
经三路-纬中路,2024-04-01 05:00:00,144,41.142857142857146,4月1日
经三路-纬中路,2024-04-01 06:00:00,762,217.71428571428572,4月1日
经三路-纬中路,2024-04-01 07:00:00,1406,401.7142857142857,4月1日
经三路-纬中路,2024-04-01 08:00:00,1458,416.57142857142856,4月1日
经三路-纬中路,2024-04-01 09:00:00,1092,312.0,4月1日
经三路-纬中路,2024-04-01 10:00:00,1116,318.85714285714283,4月1日
经三路-纬中路,2024-04-01 11:00:00,1331,380.2857142857143,4月1日
经三路-纬中路,2024-04-01 12:00:00,1296,370.2857142857143,4月1日
经三路-纬中路,2024-04-01 13:00:00,1173,335.14285714285717,4月1日
经三路-纬中路,2024-04-01 14:00:00,1300,371.42857142857144,4月1日
经三路-纬中路,2024-04-01 15:00:00,1295,370.0,4月1日
经三路-纬中路,2024-04-01 16:00:00,1716,490.2857142857143,4月1日
经三路-纬中路,2024-04-01 17:00:00,1696,484.57142857142856,4月1日
经三路-纬中路,2024-04-01 18:00:00,1314,375.42857142857144,4月1日
经三路-纬中路,2024-04-01 19:00:00,1184,338.2857142857143,4月1日
经三路-纬中路,2024-04-01 20:00:00,929,265.42857142857144,4月1日
经三路-纬中路,2024-04-01 21:00:00,771,220.28571428571428,4月1日
经三路-纬中路,2024-04-01 22:00:00,511,146.0,4月1日
经三路-纬中路,2024-04-01 23:00:00,445,127.14285714285714,4月1日
经中路-环北路,2024-04-01 00:00:00,134,38.285714285714285,4月1日
经中路-环北路,2024-04-01 01:00:00,104,29.714285714285715,4月1日
经中路-环北路,2024-04-01 02:00:00,70,20.0,4月1日
经中路-环北路,2024-04-01 03:00:00,62,17.714285714285715,4月1日
经中路-环北路,2024-04-01 04:00:00,59,16.857142857142858,4月1日
经中路-环北路,2024-04-01 05:00:00,188,53.714285714285715,4月1日
经中路-环北路,2024-04-01 06:00:00,735,210.0,4月1日
经中路-环北路,2024-04-01 07:00:00,1800,514.2857142857143,4月1日
经中路-环北路,2024-04-01 08:00:00,1538,439.42857142857144,4月1日
经中路-环北路,2024-04-01 09:00:00,1352,386.2857142857143,4月1日
经中路-环北路,2024-04-01 10:00:00,1223,349.42857142857144,4月1日
经中路-环北路,2024-04-01 11:00:00,1236,353.14285714285717,4月1日
经中路-环北路,2024-04-01 12:00:00,1346,384.57142857142856,4月1日
经中路-环北路,2024-04-01 13:00:00,1291,368.85714285714283,4月1日
经中路-环北路,2024-04-01 14:00:00,1218,348.0,4月1日
经中路-环北路,2024-04-01 15:00:00,1465,418.57142857142856,4月1日
经中路-环北路,2024-04-01 16:00:00,1873,535.1428571428571,4月1日
经中路-环北路,2024-04-01 17:00:00,2182,623.4285714285714,4月1日
经中路-环北路,2024-04-01 18:00:00,1420,405.7142857142857,4月1日
经中路-环北路,2024-04-01 19:00:00,1012,289.14285714285717,4月1日
经中路-环北路,2024-04-01 20:00:00,945,270.0,4月1日
经中路-环北路,2024-04-01 21:00:00,668,190.85714285714286,4月1日
经中路-环北路,2024-04-01 22:00:00,404,115.42857142857143,4月1日
经中路-环北路,2024-04-01 23:00:00,268,76.57142857142857,4月1日
经中路-环南路,2024-04-01 00:00:00,246,70.28571428571429,4月1日
经中路-环南路,2024-04-01 01:00:00,165,47.142857142857146,4月1日
经中路-环南路,2024-04-01 02:00:00,91,26.0,4月1日
经中路-环南路,2024-04-01 03:00:00,80,22.857142857142858,4月1日
经中路-环南路,2024-04-01 04:00:00,125,35.714285714285715,4月1日
经中路-环南路,2024-04-01 05:00:00,311,88.85714285714286,4月1日
经中路-环南路,2024-04-01 06:00:00,1246,356.0,4月1日
经中路-环南路,2024-04-01 07:00:00,2374,678.2857142857143,4月1日
经中路-环南路,2024-04-01 08:00:00,1783,509.42857142857144,4月1日
经中路-环南路,2024-04-01 09:00:00,1792,512.0,4月1日
经中路-环南路,2024-04-01 10:00:00,1663,475.14285714285717,4月1日
经中路-环南路,2024-04-01 11:00:00,1860,531.4285714285714,4月1日
经中路-环南路,2024-04-01 12:00:00,1736,496.0,4月1日
经中路-环南路,2024-04-01 13:00:00,1905,544.2857142857143,4月1日
经中路-环南路,2024-04-01 14:00:00,1753,500.85714285714283,4月1日
经中路-环南路,2024-04-01 15:00:00,1815,518.5714285714286,4月1日
经中路-环南路,2024-04-01 16:00:00,2339,668.2857142857143,4月1日
经中路-环南路,2024-04-01 17:00:00,1659,474.0,4月1日
经中路-环南路,2024-04-01 18:00:00,1934,552.5714285714286,4月1日
经中路-环南路,2024-04-01 19:00:00,1553,443.7142857142857,4月1日
经中路-环南路,2024-04-01 20:00:00,1359,388.2857142857143,4月1日
经中路-环南路,2024-04-01 21:00:00,952,272.0,4月1日
经中路-环南路,2024-04-01 22:00:00,566,161.71428571428572,4月1日
经中路-环南路,2024-04-01 23:00:00,494,141.14285714285714,4月1日
经中路-纬一路,2024-04-01 00:00:00,101,28.857142857142858,4月1日
经中路-纬一路,2024-04-01 01:00:00,58,16.571428571428573,4月1日
经中路-纬一路,2024-04-01 02:00:00,40,11.428571428571429,4月1日
经中路-纬一路,2024-04-01 03:00:00,51,14.571428571428571,4月1日
经中路-纬一路,2024-04-01 04:00:00,89,25.428571428571427,4月1日
经中路-纬一路,2024-04-01 05:00:00,113,32.285714285714285,4月1日
经中路-纬一路,2024-04-01 06:00:00,369,105.42857142857143,4月1日
经中路-纬一路,2024-04-01 07:00:00,730,208.57142857142858,4月1日
经中路-纬一路,2024-04-01 08:00:00,481,137.42857142857142,4月1日
经中路-纬一路,2024-04-01 09:00:00,573,163.71428571428572,4月1日
经中路-纬一路,2024-04-01 10:00:00,558,159.42857142857142,4月1日
经中路-纬一路,2024-04-01 11:00:00,680,194.28571428571428,4月1日
经中路-纬一路,2024-04-01 12:00:00,656,187.42857142857142,4月1日
经中路-纬一路,2024-04-01 13:00:00,618,176.57142857142858,4月1日
经中路-纬一路,2024-04-01 14:00:00,607,173.42857142857142,4月1日
经中路-纬一路,2024-04-01 15:00:00,700,200.0,4月1日
经中路-纬一路,2024-04-01 16:00:00,931,266.0,4月1日
经中路-纬一路,2024-04-01 17:00:00,722,206.28571428571428,4月1日
经中路-纬一路,2024-04-01 18:00:00,719,205.42857142857142,4月1日
经中路-纬一路,2024-04-01 19:00:00,522,149.14285714285714,4月1日
经中路-纬一路,2024-04-01 20:00:00,518,148.0,4月1日
经中路-纬一路,2024-04-01 21:00:00,327,93.42857142857143,4月1日
经中路-纬一路,2024-04-01 22:00:00,216,61.714285714285715,4月1日
经中路-纬一路,2024-04-01 23:00:00,151,43.142857142857146,4月1日
经中路-纬中路,2024-04-01 00:00:00,279,79.71428571428571,4月1日
经中路-纬中路,2024-04-01 01:00:00,197,56.285714285714285,4月1日
经中路-纬中路,2024-04-01 02:00:00,100,28.571428571428573,4月1日
经中路-纬中路,2024-04-01 03:00:00,82,23.428571428571427,4月1日
经中路-纬中路,2024-04-01 04:00:00,125,35.714285714285715,4月1日
经中路-纬中路,2024-04-01 05:00:00,292,83.42857142857143,4月1日
经中路-纬中路,2024-04-01 06:00:00,1062,303.42857142857144,4月1日
经中路-纬中路,2024-04-01 07:00:00,1931,551.7142857142857,4月1日
经中路-纬中路,2024-04-01 08:00:00,1258,359.42857142857144,4月1日
经中路-纬中路,2024-04-01 09:00:00,1455,415.7142857142857,4月1日
经中路-纬中路,2024-04-01 10:00:00,1433,409.42857142857144,4月1日
经中路-纬中路,2024-04-01 11:00:00,1560,445.7142857142857,4月1日
经中路-纬中路,2024-04-01 12:00:00,1593,455.14285714285717,4月1日
经中路-纬中路,2024-04-01 13:00:00,1658,473.7142857142857,4月1日
经中路-纬中路,2024-04-01 14:00:00,1590,454.2857142857143,4月1日
经中路-纬中路,2024-04-01 15:00:00,1513,432.2857142857143,4月1日
经中路-纬中路,2024-04-01 16:00:00,1927,550.5714285714286,4月1日
经中路-纬中路,2024-04-01 17:00:00,1542,440.57142857142856,4月1日
经中路-纬中路,2024-04-01 18:00:00,1675,478.57142857142856,4月1日
经中路-纬中路,2024-04-01 19:00:00,1366,390.2857142857143,4月1日
经中路-纬中路,2024-04-01 20:00:00,1226,350.2857142857143,4月1日
经中路-纬中路,2024-04-01 21:00:00,899,256.85714285714283,4月1日
经中路-纬中路,2024-04-01 22:00:00,523,149.42857142857142,4月1日
经中路-纬中路,2024-04-01 23:00:00,451,128.85714285714286,4月1日
经二路-纬中路,2024-04-01 00:00:00,185,52.857142857142854,4月1日
经二路-纬中路,2024-04-01 01:00:00,101,28.857142857142858,4月1日
经二路-纬中路,2024-04-01 02:00:00,62,17.714285714285715,4月1日
经二路-纬中路,2024-04-01 03:00:00,32,9.142857142857142,4月1日
经二路-纬中路,2024-04-01 04:00:00,42,12.0,4月1日
经二路-纬中路,2024-04-01 05:00:00,71,20.285714285714285,4月1日
经二路-纬中路,2024-04-01 06:00:00,442,126.28571428571429,4月1日
经二路-纬中路,2024-04-01 07:00:00,857,244.85714285714286,4月1日
经二路-纬中路,2024-04-01 08:00:00,747,213.42857142857142,4月1日
经二路-纬中路,2024-04-01 09:00:00,719,205.42857142857142,4月1日
经二路-纬中路,2024-04-01 10:00:00,434,124.0,4月1日
经二路-纬中路,2024-04-01 11:00:00,867,247.71428571428572,4月1日
经二路-纬中路,2024-04-01 12:00:00,626,178.85714285714286,4月1日
经二路-纬中路,2024-04-01 13:00:00,751,214.57142857142858,4月1日
经二路-纬中路,2024-04-01 14:00:00,870,248.57142857142858,4月1日
经二路-纬中路,2024-04-01 15:00:00,874,249.71428571428572,4月1日
经二路-纬中路,2024-04-01 16:00:00,1010,288.57142857142856,4月1日
经二路-纬中路,2024-04-01 17:00:00,1088,310.85714285714283,4月1日
经二路-纬中路,2024-04-01 18:00:00,919,262.57142857142856,4月1日
经二路-纬中路,2024-04-01 19:00:00,779,222.57142857142858,4月1日
经二路-纬中路,2024-04-01 20:00:00,646,184.57142857142858,4月1日
经二路-纬中路,2024-04-01 21:00:00,538,153.71428571428572,4月1日
经二路-纬中路,2024-04-01 22:00:00,345,98.57142857142857,4月1日
经二路-纬中路,2024-04-01 23:00:00,295,84.28571428571429,4月1日
经五路-纬中路,2024-04-01 00:00:00,47,13.428571428571429,4月1日
经五路-纬中路,2024-04-01 01:00:00,21,6.0,4月1日
经五路-纬中路,2024-04-01 02:00:00,9,2.5714285714285716,4月1日
经五路-纬中路,2024-04-01 03:00:00,5,1.4285714285714286,4月1日
经五路-纬中路,2024-04-01 04:00:00,17,4.857142857142857,4月1日
经五路-纬中路,2024-04-01 05:00:00,42,12.0,4月1日
经五路-纬中路,2024-04-01 06:00:00,195,55.714285714285715,4月1日
经五路-纬中路,2024-04-01 07:00:00,396,113.14285714285714,4月1日
经五路-纬中路,2024-04-01 08:00:00,292,83.42857142857143,4月1日
经五路-纬中路,2024-04-01 09:00:00,274,78.28571428571429,4月1日
经五路-纬中路,2024-04-01 10:00:00,262,74.85714285714286,4月1日
经五路-纬中路,2024-04-01 11:00:00,294,84.0,4月1日
经五路-纬中路,2024-04-01 12:00:00,276,78.85714285714286,4月1日
经五路-纬中路,2024-04-01 13:00:00,315,90.0,4月1日
经五路-纬中路,2024-04-01 14:00:00,287,82.0,4月1日
经五路-纬中路,2024-04-01 15:00:00,300,85.71428571428571,4月1日
经五路-纬中路,2024-04-01 16:00:00,375,107.14285714285714,4月1日
经五路-纬中路,2024-04-01 17:00:00,566,161.71428571428572,4月1日
经五路-纬中路,2024-04-01 18:00:00,257,73.42857142857143,4月1日
经五路-纬中路,2024-04-01 19:00:00,220,62.857142857142854,4月1日
经五路-纬中路,2024-04-01 20:00:00,170,48.57142857142857,4月1日
经五路-纬中路,2024-04-01 21:00:00,134,38.285714285714285,4月1日
经五路-纬中路,2024-04-01 22:00:00,66,18.857142857142858,4月1日
经五路-纬中路,2024-04-01 23:00:00,65,18.571428571428573,4月1日
经四路-纬中路,2024-04-01 00:00:00,70,20.0,4月1日
经四路-纬中路,2024-04-01 01:00:00,41,11.714285714285714,4月1日
经四路-纬中路,2024-04-01 02:00:00,17,4.857142857142857,4月1日
经四路-纬中路,2024-04-01 03:00:00,3,0.8571428571428571,4月1日
经四路-纬中路,2024-04-01 04:00:00,28,8.0,4月1日
经四路-纬中路,2024-04-01 05:00:00,65,18.571428571428573,4月1日
经四路-纬中路,2024-04-01 06:00:00,112,32.0,4月1日
经四路-纬中路,2024-04-01 07:00:00,88,25.142857142857142,4月1日
经四路-纬中路,2024-04-01 08:00:00,75,21.428571428571427,4月1日
经四路-纬中路,2024-04-01 09:00:00,109,31.142857142857142,4月1日
经四路-纬中路,2024-04-01 10:00:00,103,29.428571428571427,4月1日
经四路-纬中路,2024-04-01 11:00:00,125,35.714285714285715,4月1日
经四路-纬中路,2024-04-01 12:00:00,110,31.428571428571427,4月1日
经四路-纬中路,2024-04-01 13:00:00,120,34.285714285714285,4月1日
经四路-纬中路,2024-04-01 14:00:00,97,27.714285714285715,4月1日
经四路-纬中路,2024-04-01 15:00:00,115,32.857142857142854,4月1日
经四路-纬中路,2024-04-01 16:00:00,79,22.571428571428573,4月1日
经四路-纬中路,2024-04-01 17:00:00,87,24.857142857142858,4月1日
经四路-纬中路,2024-04-01 18:00:00,97,27.714285714285715,4月1日
经四路-纬中路,2024-04-01 19:00:00,111,31.714285714285715,4月1日
经四路-纬中路,2024-04-01 20:00:00,114,32.57142857142857,4月1日
经四路-纬中路,2024-04-01 21:00:00,106,30.285714285714285,4月1日
经四路-纬中路,2024-04-01 22:00:00,121,34.57142857142857,4月1日
经四路-纬中路,2024-04-01 23:00:00,99,28.285714285714285,4月1日
环东路-纬中路,2024-04-02 09:00:00,27,7.714285714285714,4月2日
环东路-纬中路,2024-04-02 10:00:00,2225,635.7142857142857,4月2日
环东路-纬中路,2024-04-02 11:00:00,2363,675.1428571428571,4月2日
环东路-纬中路,2024-04-02 12:00:00,2313,660.8571428571429,4月2日
环东路-纬中路,2024-04-02 13:00:00,2528,722.2857142857143,4月2日
环东路-纬中路,2024-04-02 14:00:00,2140,611.4285714285714,4月2日
环西路-纬中路,2024-04-02 00:00:00,734,209.71428571428572,4月2日
环西路-纬中路,2024-04-02 01:00:00,404,115.42857142857143,4月2日
环西路-纬中路,2024-04-02 02:00:00,257,73.42857142857143,4月2日
环西路-纬中路,2024-04-02 03:00:00,125,35.714285714285715,4月2日
环西路-纬中路,2024-04-02 04:00:00,181,51.714285714285715,4月2日
环西路-纬中路,2024-04-02 05:00:00,373,106.57142857142857,4月2日
环西路-纬中路,2024-04-02 06:00:00,1617,462.0,4月2日
环西路-纬中路,2024-04-02 07:00:00,3621,1034.5714285714287,4月2日
环西路-纬中路,2024-04-02 08:00:00,2418,690.8571428571429,4月2日
环西路-纬中路,2024-04-02 09:00:00,2087,596.2857142857143,4月2日
环西路-纬中路,2024-04-02 10:00:00,1939,554.0,4月2日
环西路-纬中路,2024-04-02 11:00:00,1977,564.8571428571429,4月2日
环西路-纬中路,2024-04-02 12:00:00,3274,935.4285714285714,4月2日
环西路-纬中路,2024-04-02 13:00:00,3702,1057.7142857142858,4月2日
环西路-纬中路,2024-04-02 14:00:00,3416,976.0,4月2日
环西路-纬中路,2024-04-02 15:00:00,3568,1019.4285714285714,4月2日
环西路-纬中路,2024-04-02 16:00:00,4713,1346.5714285714287,4月2日
环西路-纬中路,2024-04-02 17:00:00,5209,1488.2857142857142,4月2日
环西路-纬中路,2024-04-02 18:00:00,3927,1122.0,4月2日
环西路-纬中路,2024-04-02 19:00:00,3515,1004.2857142857143,4月2日
环西路-纬中路,2024-04-02 20:00:00,793,226.57142857142858,4月2日
纬中路-景区出入口,2024-04-02 00:00:00,86,24.571428571428573,4月2日
纬中路-景区出入口,2024-04-02 01:00:00,43,12.285714285714286,4月2日
纬中路-景区出入口,2024-04-02 02:00:00,24,6.857142857142857,4月2日
纬中路-景区出入口,2024-04-02 03:00:00,26,7.428571428571429,4月2日
纬中路-景区出入口,2024-04-02 04:00:00,31,8.857142857142858,4月2日
纬中路-景区出入口,2024-04-02 05:00:00,75,21.428571428571427,4月2日
纬中路-景区出入口,2024-04-02 06:00:00,429,122.57142857142857,4月2日
纬中路-景区出入口,2024-04-02 07:00:00,722,206.28571428571428,4月2日
纬中路-景区出入口,2024-04-02 08:00:00,588,168.0,4月2日
纬中路-景区出入口,2024-04-02 09:00:00,425,121.42857142857143,4月2日
纬中路-景区出入口,2024-04-02 10:00:00,440,125.71428571428571,4月2日
纬中路-景区出入口,2024-04-02 11:00:00,556,158.85714285714286,4月2日
纬中路-景区出入口,2024-04-02 12:00:00,578,165.14285714285714,4月2日
纬中路-景区出入口,2024-04-02 13:00:00,579,165.42857142857142,4月2日
纬中路-景区出入口,2024-04-02 14:00:00,522,149.14285714285714,4月2日
纬中路-景区出入口,2024-04-02 15:00:00,464,132.57142857142858,4月2日
纬中路-景区出入口,2024-04-02 16:00:00,525,150.0,4月2日
纬中路-景区出入口,2024-04-02 17:00:00,587,167.71428571428572,4月2日
纬中路-景区出入口,2024-04-02 18:00:00,570,162.85714285714286,4月2日
纬中路-景区出入口,2024-04-02 19:00:00,443,126.57142857142857,4月2日
纬中路-景区出入口,2024-04-02 20:00:00,298,85.14285714285714,4月2日
纬中路-景区出入口,2024-04-02 21:00:00,273,78.0,4月2日
纬中路-景区出入口,2024-04-02 22:00:00,194,55.42857142857143,4月2日
纬中路-景区出入口,2024-04-02 23:00:00,142,40.57142857142857,4月2日
经一路-纬中路,2024-04-02 00:00:00,388,110.85714285714286,4月2日
经一路-纬中路,2024-04-02 01:00:00,213,60.857142857142854,4月2日
经一路-纬中路,2024-04-02 02:00:00,117,33.42857142857143,4月2日
经一路-纬中路,2024-04-02 03:00:00,56,16.0,4月2日
经一路-纬中路,2024-04-02 04:00:00,89,25.428571428571427,4月2日
经一路-纬中路,2024-04-02 05:00:00,140,40.0,4月2日
经一路-纬中路,2024-04-02 06:00:00,673,192.28571428571428,4月2日
经一路-纬中路,2024-04-02 07:00:00,1946,556.0,4月2日
经一路-纬中路,2024-04-02 08:00:00,1981,566.0,4月2日
经一路-纬中路,2024-04-02 09:00:00,1282,366.2857142857143,4月2日
经一路-纬中路,2024-04-02 10:00:00,1195,341.42857142857144,4月2日
经一路-纬中路,2024-04-02 11:00:00,1418,405.14285714285717,4月2日
经一路-纬中路,2024-04-02 12:00:00,1498,428.0,4月2日
经一路-纬中路,2024-04-02 13:00:00,1443,412.2857142857143,4月2日
经一路-纬中路,2024-04-02 14:00:00,1371,391.7142857142857,4月2日
经一路-纬中路,2024-04-02 15:00:00,1365,390.0,4月2日
经一路-纬中路,2024-04-02 16:00:00,1274,364.0,4月2日
经一路-纬中路,2024-04-02 17:00:00,346,98.85714285714286,4月2日
经一路-纬中路,2024-04-02 18:00:00,1816,518.8571428571429,4月2日
经一路-纬中路,2024-04-02 19:00:00,1561,446.0,4月2日
经一路-纬中路,2024-04-02 20:00:00,1227,350.57142857142856,4月2日
经一路-纬中路,2024-04-02 21:00:00,873,249.42857142857142,4月2日
经一路-纬中路,2024-04-02 22:00:00,661,188.85714285714286,4月2日
经一路-纬中路,2024-04-02 23:00:00,584,166.85714285714286,4月2日
经三路-纬中路,2024-04-02 00:00:00,251,71.71428571428571,4月2日
经三路-纬中路,2024-04-02 01:00:00,117,33.42857142857143,4月2日
经三路-纬中路,2024-04-02 02:00:00,79,22.571428571428573,4月2日
经三路-纬中路,2024-04-02 03:00:00,47,13.428571428571429,4月2日
经三路-纬中路,2024-04-02 04:00:00,65,18.571428571428573,4月2日
经三路-纬中路,2024-04-02 05:00:00,131,37.42857142857143,4月2日
经三路-纬中路,2024-04-02 06:00:00,752,214.85714285714286,4月2日
经三路-纬中路,2024-04-02 07:00:00,1591,454.57142857142856,4月2日
经三路-纬中路,2024-04-02 08:00:00,1588,453.7142857142857,4月2日
经三路-纬中路,2024-04-02 09:00:00,1093,312.2857142857143,4月2日
经三路-纬中路,2024-04-02 10:00:00,1115,318.57142857142856,4月2日
经三路-纬中路,2024-04-02 11:00:00,1272,363.42857142857144,4月2日
经三路-纬中路,2024-04-02 12:00:00,1322,377.7142857142857,4月2日
经三路-纬中路,2024-04-02 13:00:00,1343,383.7142857142857,4月2日
经三路-纬中路,2024-04-02 14:00:00,1142,326.2857142857143,4月2日
经三路-纬中路,2024-04-02 15:00:00,1248,356.57142857142856,4月2日
经三路-纬中路,2024-04-02 16:00:00,1266,361.7142857142857,4月2日
经三路-纬中路,2024-04-02 17:00:00,1210,345.7142857142857,4月2日
经三路-纬中路,2024-04-02 18:00:00,1452,414.85714285714283,4月2日
经三路-纬中路,2024-04-02 19:00:00,1162,332.0,4月2日
经三路-纬中路,2024-04-02 20:00:00,866,247.42857142857142,4月2日
经三路-纬中路,2024-04-02 21:00:00,671,191.71428571428572,4月2日
经三路-纬中路,2024-04-02 22:00:00,475,135.71428571428572,4月2日
经三路-纬中路,2024-04-02 23:00:00,446,127.42857142857143,4月2日
经中路-环北路,2024-04-02 00:00:00,190,54.285714285714285,4月2日
经中路-环北路,2024-04-02 01:00:00,97,27.714285714285715,4月2日
经中路-环北路,2024-04-02 02:00:00,73,20.857142857142858,4月2日
经中路-环北路,2024-04-02 03:00:00,47,13.428571428571429,4月2日
经中路-环北路,2024-04-02 04:00:00,78,22.285714285714285,4月2日
经中路-环北路,2024-04-02 05:00:00,188,53.714285714285715,4月2日
经中路-环北路,2024-04-02 06:00:00,768,219.42857142857142,4月2日
经中路-环北路,2024-04-02 07:00:00,1936,553.1428571428571,4月2日
经中路-环北路,2024-04-02 08:00:00,1738,496.57142857142856,4月2日
经中路-环北路,2024-04-02 09:00:00,1237,353.42857142857144,4月2日
经中路-环北路,2024-04-02 10:00:00,1140,325.7142857142857,4月2日
经中路-环北路,2024-04-02 11:00:00,1251,357.42857142857144,4月2日
经中路-环北路,2024-04-02 12:00:00,1297,370.57142857142856,4月2日
经中路-环北路,2024-04-02 13:00:00,1345,384.2857142857143,4月2日
经中路-环北路,2024-04-02 14:00:00,1317,376.2857142857143,4月2日
经中路-环北路,2024-04-02 15:00:00,1373,392.2857142857143,4月2日
经中路-环北路,2024-04-02 16:00:00,1765,504.2857142857143,4月2日
经中路-环北路,2024-04-02 17:00:00,1835,524.2857142857143,4月2日
经中路-环北路,2024-04-02 18:00:00,1108,316.57142857142856,4月2日
经中路-环北路,2024-04-02 19:00:00,1030,294.2857142857143,4月2日
经中路-环北路,2024-04-02 20:00:00,667,190.57142857142858,4月2日
经中路-环北路,2024-04-02 21:00:00,557,159.14285714285714,4月2日
经中路-环北路,2024-04-02 22:00:00,325,92.85714285714286,4月2日
经中路-环北路,2024-04-02 23:00:00,252,72.0,4月2日
经中路-环南路,2024-04-02 00:00:00,277,79.14285714285714,4月2日
经中路-环南路,2024-04-02 01:00:00,145,41.42857142857143,4月2日
经中路-环南路,2024-04-02 02:00:00,85,24.285714285714285,4月2日
经中路-环南路,2024-04-02 03:00:00,96,27.428571428571427,4月2日
经中路-环南路,2024-04-02 04:00:00,118,33.714285714285715,4月2日
经中路-环南路,2024-04-02 05:00:00,279,79.71428571428571,4月2日
经中路-环南路,2024-04-02 06:00:00,1159,331.14285714285717,4月2日
经中路-环南路,2024-04-02 07:00:00,2084,595.4285714285714,4月2日
经中路-环南路,2024-04-02 08:00:00,1735,495.7142857142857,4月2日
经中路-环南路,2024-04-02 09:00:00,1761,503.14285714285717,4月2日
经中路-环南路,2024-04-02 10:00:00,1601,457.42857142857144,4月2日
经中路-环南路,2024-04-02 11:00:00,1835,524.2857142857143,4月2日
经中路-环南路,2024-04-02 12:00:00,1715,490.0,4月2日
经中路-环南路,2024-04-02 13:00:00,1792,512.0,4月2日
经中路-环南路,2024-04-02 14:00:00,1680,480.0,4月2日
经中路-环南路,2024-04-02 15:00:00,1904,544.0,4月2日
经中路-环南路,2024-04-02 16:00:00,1793,512.2857142857143,4月2日
经中路-环南路,2024-04-02 17:00:00,1873,535.1428571428571,4月2日
经中路-环南路,2024-04-02 18:00:00,2015,575.7142857142857,4月2日
经中路-环南路,2024-04-02 19:00:00,1507,430.57142857142856,4月2日
经中路-环南路,2024-04-02 20:00:00,1403,400.85714285714283,4月2日
经中路-环南路,2024-04-02 21:00:00,856,244.57142857142858,4月2日
经中路-环南路,2024-04-02 22:00:00,586,167.42857142857142,4月2日
经中路-环南路,2024-04-02 23:00:00,581,166.0,4月2日
经中路-纬一路,2024-04-02 00:00:00,99,28.285714285714285,4月2日
经中路-纬一路,2024-04-02 01:00:00,43,12.285714285714286,4月2日
经中路-纬一路,2024-04-02 02:00:00,25,7.142857142857143,4月2日
经中路-纬一路,2024-04-02 03:00:00,48,13.714285714285714,4月2日
经中路-纬一路,2024-04-02 04:00:00,64,18.285714285714285,4月2日
经中路-纬一路,2024-04-02 05:00:00,103,29.428571428571427,4月2日
经中路-纬一路,2024-04-02 06:00:00,377,107.71428571428571,4月2日
经中路-纬一路,2024-04-02 07:00:00,600,171.42857142857142,4月2日
经中路-纬一路,2024-04-02 08:00:00,503,143.71428571428572,4月2日
经中路-纬一路,2024-04-02 09:00:00,518,148.0,4月2日
经中路-纬一路,2024-04-02 10:00:00,523,149.42857142857142,4月2日
经中路-纬一路,2024-04-02 11:00:00,649,185.42857142857142,4月2日
经中路-纬一路,2024-04-02 12:00:00,659,188.28571428571428,4月2日
经中路-纬一路,2024-04-02 13:00:00,611,174.57142857142858,4月2日
经中路-纬一路,2024-04-02 14:00:00,598,170.85714285714286,4月2日
经中路-纬一路,2024-04-02 15:00:00,633,180.85714285714286,4月2日
经中路-纬一路,2024-04-02 16:00:00,784,224.0,4月2日
经中路-纬一路,2024-04-02 17:00:00,809,231.14285714285714,4月2日
经中路-纬一路,2024-04-02 18:00:00,685,195.71428571428572,4月2日
经中路-纬一路,2024-04-02 19:00:00,527,150.57142857142858,4月2日
经中路-纬一路,2024-04-02 20:00:00,439,125.42857142857143,4月2日
经中路-纬一路,2024-04-02 21:00:00,294,84.0,4月2日
经中路-纬一路,2024-04-02 22:00:00,180,51.42857142857143,4月2日
经中路-纬一路,2024-04-02 23:00:00,158,45.142857142857146,4月2日
经中路-纬中路,2024-04-02 00:00:00,290,82.85714285714286,4月2日
经中路-纬中路,2024-04-02 01:00:00,144,41.142857142857146,4月2日
经中路-纬中路,2024-04-02 02:00:00,102,29.142857142857142,4月2日
经中路-纬中路,2024-04-02 03:00:00,119,34.0,4月2日
经中路-纬中路,2024-04-02 04:00:00,125,35.714285714285715,4月2日
经中路-纬中路,2024-04-02 05:00:00,269,76.85714285714286,4月2日
经中路-纬中路,2024-04-02 06:00:00,1045,298.57142857142856,4月2日
经中路-纬中路,2024-04-02 07:00:00,1660,474.2857142857143,4月2日
经中路-纬中路,2024-04-02 08:00:00,1339,382.57142857142856,4月2日
经中路-纬中路,2024-04-02 09:00:00,1412,403.42857142857144,4月2日
经中路-纬中路,2024-04-02 10:00:00,1386,396.0,4月2日
经中路-纬中路,2024-04-02 11:00:00,1517,433.42857142857144,4月2日
经中路-纬中路,2024-04-02 12:00:00,1585,452.85714285714283,4月2日
经中路-纬中路,2024-04-02 13:00:00,1563,446.57142857142856,4月2日
经中路-纬中路,2024-04-02 14:00:00,1448,413.7142857142857,4月2日
经中路-纬中路,2024-04-02 15:00:00,1533,438.0,4月2日
经中路-纬中路,2024-04-02 16:00:00,1644,469.7142857142857,4月2日
经中路-纬中路,2024-04-02 17:00:00,1587,453.42857142857144,4月2日
经中路-纬中路,2024-04-02 18:00:00,1647,470.57142857142856,4月2日
经中路-纬中路,2024-04-02 19:00:00,1350,385.7142857142857,4月2日
经中路-纬中路,2024-04-02 20:00:00,1138,325.14285714285717,4月2日
经中路-纬中路,2024-04-02 21:00:00,746,213.14285714285714,4月2日
经中路-纬中路,2024-04-02 22:00:00,523,149.42857142857142,4月2日
经中路-纬中路,2024-04-02 23:00:00,448,128.0,4月2日
经二路-纬中路,2024-04-02 00:00:00,190,54.285714285714285,4月2日
经二路-纬中路,2024-04-02 01:00:00,88,25.142857142857142,4月2日
经二路-纬中路,2024-04-02 02:00:00,65,18.571428571428573,4月2日
经二路-纬中路,2024-04-02 03:00:00,29,8.285714285714286,4月2日
经二路-纬中路,2024-04-02 04:00:00,55,15.714285714285714,4月2日
经二路-纬中路,2024-04-02 05:00:00,74,21.142857142857142,4月2日
经二路-纬中路,2024-04-02 06:00:00,371,106.0,4月2日
经二路-纬中路,2024-04-02 07:00:00,1016,290.2857142857143,4月2日
经二路-纬中路,2024-04-02 08:00:00,963,275.14285714285717,4月2日
经二路-纬中路,2024-04-02 09:00:00,702,200.57142857142858,4月2日
经二路-纬中路,2024-04-02 10:00:00,568,162.28571428571428,4月2日
经二路-纬中路,2024-04-02 11:00:00,781,223.14285714285714,4月2日
经二路-纬中路,2024-04-02 12:00:00,735,210.0,4月2日
经二路-纬中路,2024-04-02 13:00:00,836,238.85714285714286,4月2日
经二路-纬中路,2024-04-02 14:00:00,786,224.57142857142858,4月2日
经二路-纬中路,2024-04-02 15:00:00,770,220.0,4月2日
经二路-纬中路,2024-04-02 16:00:00,648,185.14285714285714,4月2日
经二路-纬中路,2024-04-02 17:00:00,1231,351.7142857142857,4月2日
经二路-纬中路,2024-04-02 18:00:00,944,269.7142857142857,4月2日
经二路-纬中路,2024-04-02 19:00:00,751,214.57142857142858,4月2日
经二路-纬中路,2024-04-02 20:00:00,633,180.85714285714286,4月2日
经二路-纬中路,2024-04-02 21:00:00,442,126.28571428571429,4月2日
经二路-纬中路,2024-04-02 22:00:00,329,94.0,4月2日
经二路-纬中路,2024-04-02 23:00:00,273,78.0,4月2日
经五路-纬中路,2024-04-02 00:00:00,40,11.428571428571429,4月2日
经五路-纬中路,2024-04-02 01:00:00,14,4.0,4月2日
经五路-纬中路,2024-04-02 02:00:00,7,2.0,4月2日
经五路-纬中路,2024-04-02 03:00:00,11,3.142857142857143,4月2日
经五路-纬中路,2024-04-02 04:00:00,12,3.4285714285714284,4月2日
经五路-纬中路,2024-04-02 05:00:00,27,7.714285714285714,4月2日
经五路-纬中路,2024-04-02 06:00:00,181,51.714285714285715,4月2日
经五路-纬中路,2024-04-02 07:00:00,390,111.42857142857143,4月2日
经五路-纬中路,2024-04-02 08:00:00,238,68.0,4月2日
经五路-纬中路,2024-04-02 09:00:00,235,67.14285714285714,4月2日
经五路-纬中路,2024-04-02 10:00:00,209,59.714285714285715,4月2日
经五路-纬中路,2024-04-02 11:00:00,256,73.14285714285714,4月2日
经五路-纬中路,2024-04-02 12:00:00,307,87.71428571428571,4月2日
经五路-纬中路,2024-04-02 13:00:00,286,81.71428571428571,4月2日
经五路-纬中路,2024-04-02 14:00:00,292,83.42857142857143,4月2日
经五路-纬中路,2024-04-02 15:00:00,288,82.28571428571429,4月2日
经五路-纬中路,2024-04-02 16:00:00,410,117.14285714285714,4月2日
经五路-纬中路,2024-04-02 17:00:00,344,98.28571428571429,4月2日
经五路-纬中路,2024-04-02 18:00:00,244,69.71428571428571,4月2日
经五路-纬中路,2024-04-02 19:00:00,188,53.714285714285715,4月2日
经五路-纬中路,2024-04-02 20:00:00,152,43.42857142857143,4月2日
经五路-纬中路,2024-04-02 21:00:00,131,37.42857142857143,4月2日
经五路-纬中路,2024-04-02 22:00:00,80,22.857142857142858,4月2日
经五路-纬中路,2024-04-02 23:00:00,56,16.0,4月2日
经四路-纬中路,2024-04-02 00:00:00,71,20.285714285714285,4月2日
经四路-纬中路,2024-04-02 01:00:00,30,8.571428571428571,4月2日
经四路-纬中路,2024-04-02 02:00:00,11,3.142857142857143,4月2日
经四路-纬中路,2024-04-02 03:00:00,17,4.857142857142857,4月2日
经四路-纬中路,2024-04-02 04:00:00,30,8.571428571428571,4月2日
经四路-纬中路,2024-04-02 05:00:00,76,21.714285714285715,4月2日
经四路-纬中路,2024-04-02 06:00:00,95,27.142857142857142,4月2日
经四路-纬中路,2024-04-02 07:00:00,110,31.428571428571427,4月2日
经四路-纬中路,2024-04-02 08:00:00,96,27.428571428571427,4月2日
经四路-纬中路,2024-04-02 09:00:00,107,30.571428571428573,4月2日
经四路-纬中路,2024-04-02 10:00:00,93,26.571428571428573,4月2日
经四路-纬中路,2024-04-02 11:00:00,117,33.42857142857143,4月2日
经四路-纬中路,2024-04-02 12:00:00,85,24.285714285714285,4月2日
经四路-纬中路,2024-04-02 13:00:00,132,37.714285714285715,4月2日
经四路-纬中路,2024-04-02 14:00:00,99,28.285714285714285,4月2日
经四路-纬中路,2024-04-02 15:00:00,116,33.142857142857146,4月2日
经四路-纬中路,2024-04-02 16:00:00,82,23.428571428571427,4月2日
经四路-纬中路,2024-04-02 17:00:00,102,29.142857142857142,4月2日
经四路-纬中路,2024-04-02 18:00:00,124,35.42857142857143,4月2日
经四路-纬中路,2024-04-02 19:00:00,104,29.714285714285715,4月2日
经四路-纬中路,2024-04-02 20:00:00,124,35.42857142857143,4月2日
经四路-纬中路,2024-04-02 21:00:00,113,32.285714285714285,4月2日
经四路-纬中路,2024-04-02 22:00:00,128,36.57142857142857,4月2日
经四路-纬中路,2024-04-02 23:00:00,97,27.714285714285715,4月2日
环东路-纬中路,2024-04-03 06:00:00,199,56.857142857142854,4月3日
环东路-纬中路,2024-04-03 07:00:00,1112,317.7142857142857,4月3日
环东路-纬中路,2024-04-03 12:00:00,253,72.28571428571429,4月3日
环东路-纬中路,2024-04-03 13:00:00,2523,720.8571428571429,4月3日
环东路-纬中路,2024-04-03 14:00:00,2655,758.5714285714286,4月3日
环东路-纬中路,2024-04-03 15:00:00,2890,825.7142857142857,4月3日
环东路-纬中路,2024-04-03 16:00:00,3041,868.8571428571429,4月3日
环东路-纬中路,2024-04-03 17:00:00,1558,445.14285714285717,4月3日
环西路-纬中路,2024-04-03 00:00:00,230,65.71428571428571,4月3日
环西路-纬中路,2024-04-03 01:00:00,430,122.85714285714286,4月3日
环西路-纬中路,2024-04-03 02:00:00,194,55.42857142857143,4月3日
环西路-纬中路,2024-04-03 03:00:00,181,51.714285714285715,4月3日
环西路-纬中路,2024-04-03 04:00:00,232,66.28571428571429,4月3日
环西路-纬中路,2024-04-03 05:00:00,350,100.0,4月3日
环西路-纬中路,2024-04-03 06:00:00,1722,492.0,4月3日
环西路-纬中路,2024-04-03 07:00:00,4835,1381.4285714285713,4月3日
环西路-纬中路,2024-04-03 08:00:00,4791,1368.857142857143,4月3日
环西路-纬中路,2024-04-03 09:00:00,3046,870.2857142857143,4月3日
环西路-纬中路,2024-04-03 10:00:00,2728,779.4285714285714,4月3日
环西路-纬中路,2024-04-03 11:00:00,3077,879.1428571428571,4月3日
环西路-纬中路,2024-04-03 12:00:00,3712,1060.5714285714287,4月3日
环西路-纬中路,2024-04-03 13:00:00,3736,1067.4285714285713,4月3日
环西路-纬中路,2024-04-03 14:00:00,3615,1032.857142857143,4月3日
环西路-纬中路,2024-04-03 15:00:00,4217,1204.857142857143,4月3日
环西路-纬中路,2024-04-03 16:00:00,5343,1526.5714285714287,4月3日
环西路-纬中路,2024-04-03 17:00:00,5325,1521.4285714285713,4月3日
环西路-纬中路,2024-04-03 18:00:00,4458,1273.7142857142858,4月3日
环西路-纬中路,2024-04-03 19:00:00,3514,1004.0,4月3日
环西路-纬中路,2024-04-03 20:00:00,677,193.42857142857142,4月3日
环西路-纬中路,2024-04-03 21:00:00,2792,797.7142857142857,4月3日
环西路-纬中路,2024-04-03 22:00:00,1976,564.5714285714286,4月3日
环西路-纬中路,2024-04-03 23:00:00,1638,468.0,4月3日
纬中路-景区出入口,2024-04-03 00:00:00,81,23.142857142857142,4月3日
纬中路-景区出入口,2024-04-03 01:00:00,48,13.714285714285714,4月3日
纬中路-景区出入口,2024-04-03 02:00:00,32,9.142857142857142,4月3日
纬中路-景区出入口,2024-04-03 03:00:00,16,4.571428571428571,4月3日
纬中路-景区出入口,2024-04-03 04:00:00,22,6.285714285714286,4月3日
纬中路-景区出入口,2024-04-03 05:00:00,63,18.0,4月3日
纬中路-景区出入口,2024-04-03 06:00:00,430,122.85714285714286,4月3日
纬中路-景区出入口,2024-04-03 07:00:00,695,198.57142857142858,4月3日
纬中路-景区出入口,2024-04-03 08:00:00,650,185.71428571428572,4月3日
纬中路-景区出入口,2024-04-03 09:00:00,486,138.85714285714286,4月3日
纬中路-景区出入口,2024-04-03 10:00:00,474,135.42857142857142,4月3日
纬中路-景区出入口,2024-04-03 11:00:00,532,152.0,4月3日
纬中路-景区出入口,2024-04-03 12:00:00,545,155.71428571428572,4月3日
纬中路-景区出入口,2024-04-03 13:00:00,589,168.28571428571428,4月3日
纬中路-景区出入口,2024-04-03 14:00:00,524,149.71428571428572,4月3日
纬中路-景区出入口,2024-04-03 15:00:00,532,152.0,4月3日
纬中路-景区出入口,2024-04-03 16:00:00,690,197.14285714285714,4月3日
纬中路-景区出入口,2024-04-03 17:00:00,680,194.28571428571428,4月3日
纬中路-景区出入口,2024-04-03 18:00:00,654,186.85714285714286,4月3日
纬中路-景区出入口,2024-04-03 19:00:00,447,127.71428571428571,4月3日
纬中路-景区出入口,2024-04-03 20:00:00,472,134.85714285714286,4月3日
纬中路-景区出入口,2024-04-03 21:00:00,365,104.28571428571429,4月3日
纬中路-景区出入口,2024-04-03 22:00:00,237,67.71428571428571,4月3日
经一路-纬中路,2024-04-03 00:00:00,259,74.0,4月3日
经一路-纬中路,2024-04-03 01:00:00,48,13.714285714285714,4月3日
经一路-纬中路,2024-04-03 02:00:00,120,34.285714285714285,4月3日
经一路-纬中路,2024-04-03 03:00:00,67,19.142857142857142,4月3日
经一路-纬中路,2024-04-03 04:00:00,83,23.714285714285715,4月3日
经一路-纬中路,2024-04-03 05:00:00,130,37.142857142857146,4月3日
经一路-纬中路,2024-04-03 06:00:00,656,187.42857142857142,4月3日
经一路-纬中路,2024-04-03 07:00:00,1932,552.0,4月3日
经一路-纬中路,2024-04-03 08:00:00,2011,574.5714285714286,4月3日
经一路-纬中路,2024-04-03 09:00:00,1333,380.85714285714283,4月3日
经一路-纬中路,2024-04-03 10:00:00,1106,316.0,4月3日
经一路-纬中路,2024-04-03 11:00:00,1560,445.7142857142857,4月3日
经一路-纬中路,2024-04-03 12:00:00,1463,418.0,4月3日
经一路-纬中路,2024-04-03 13:00:00,1506,430.2857142857143,4月3日
经一路-纬中路,2024-04-03 14:00:00,1414,404.0,4月3日
经一路-纬中路,2024-04-03 15:00:00,1587,453.42857142857144,4月3日
经一路-纬中路,2024-04-03 16:00:00,2273,649.4285714285714,4月3日
经一路-纬中路,2024-04-03 17:00:00,2444,698.2857142857143,4月3日
经一路-纬中路,2024-04-03 18:00:00,1841,526.0,4月3日
经一路-纬中路,2024-04-03 19:00:00,1606,458.85714285714283,4月3日
经一路-纬中路,2024-04-03 20:00:00,1457,416.2857142857143,4月3日
经一路-纬中路,2024-04-03 21:00:00,1137,324.85714285714283,4月3日
经一路-纬中路,2024-04-03 22:00:00,774,221.14285714285714,4月3日
经一路-纬中路,2024-04-03 23:00:00,772,220.57142857142858,4月3日
经三路-纬中路,2024-04-03 00:00:00,229,65.42857142857143,4月3日
经三路-纬中路,2024-04-03 01:00:00,122,34.857142857142854,4月3日
经三路-纬中路,2024-04-03 02:00:00,59,16.857142857142858,4月3日
经三路-纬中路,2024-04-03 03:00:00,40,11.428571428571429,4月3日
经三路-纬中路,2024-04-03 04:00:00,55,15.714285714285714,4月3日
经三路-纬中路,2024-04-03 05:00:00,122,34.857142857142854,4月3日
经三路-纬中路,2024-04-03 06:00:00,677,193.42857142857142,4月3日
经三路-纬中路,2024-04-03 07:00:00,1530,437.14285714285717,4月3日
经三路-纬中路,2024-04-03 08:00:00,1532,437.7142857142857,4月3日
经三路-纬中路,2024-04-03 09:00:00,1136,324.57142857142856,4月3日
经三路-纬中路,2024-04-03 10:00:00,1086,310.2857142857143,4月3日
经三路-纬中路,2024-04-03 11:00:00,1124,321.14285714285717,4月3日
经三路-纬中路,2024-04-03 12:00:00,1370,391.42857142857144,4月3日
经三路-纬中路,2024-04-03 13:00:00,1437,410.57142857142856,4月3日
经三路-纬中路,2024-04-03 14:00:00,1315,375.7142857142857,4月3日
经三路-纬中路,2024-04-03 15:00:00,1591,454.57142857142856,4月3日
经三路-纬中路,2024-04-03 16:00:00,2008,573.7142857142857,4月3日
经三路-纬中路,2024-04-03 17:00:00,1781,508.85714285714283,4月3日
经三路-纬中路,2024-04-03 18:00:00,1643,469.42857142857144,4月3日
经三路-纬中路,2024-04-03 19:00:00,1320,377.14285714285717,4月3日
经三路-纬中路,2024-04-03 20:00:00,1067,304.85714285714283,4月3日
经三路-纬中路,2024-04-03 21:00:00,962,274.85714285714283,4月3日
经三路-纬中路,2024-04-03 22:00:00,568,162.28571428571428,4月3日
经三路-纬中路,2024-04-03 23:00:00,562,160.57142857142858,4月3日
经中路-环北路,2024-04-03 00:00:00,186,53.142857142857146,4月3日
经中路-环北路,2024-04-03 01:00:00,92,26.285714285714285,4月3日
经中路-环北路,2024-04-03 02:00:00,70,20.0,4月3日
经中路-环北路,2024-04-03 03:00:00,70,20.0,4月3日
经中路-环北路,2024-04-03 04:00:00,69,19.714285714285715,4月3日
经中路-环北路,2024-04-03 05:00:00,165,47.142857142857146,4月3日
经中路-环北路,2024-04-03 06:00:00,761,217.42857142857142,4月3日
经中路-环北路,2024-04-03 07:00:00,1892,540.5714285714286,4月3日
经中路-环北路,2024-04-03 08:00:00,1757,502.0,4月3日
经中路-环北路,2024-04-03 09:00:00,1296,370.2857142857143,4月3日
经中路-环北路,2024-04-03 10:00:00,1160,331.42857142857144,4月3日
经中路-环北路,2024-04-03 11:00:00,626,178.85714285714286,4月3日
经中路-环北路,2024-04-03 15:00:00,1061,303.14285714285717,4月3日
经中路-环北路,2024-04-03 16:00:00,1983,566.5714285714286,4月3日
经中路-环北路,2024-04-03 17:00:00,2310,660.0,4月3日
经中路-环北路,2024-04-03 18:00:00,1483,423.7142857142857,4月3日
经中路-环北路,2024-04-03 19:00:00,1186,338.85714285714283,4月3日
经中路-环北路,2024-04-03 20:00:00,1029,294.0,4月3日
经中路-环北路,2024-04-03 21:00:00,804,229.71428571428572,4月3日
经中路-环北路,2024-04-03 22:00:00,515,147.14285714285714,4月3日
经中路-环北路,2024-04-03 23:00:00,364,104.0,4月3日
经中路-环南路,2024-04-03 00:00:00,302,86.28571428571429,4月3日
经中路-环南路,2024-04-03 01:00:00,167,47.714285714285715,4月3日
经中路-环南路,2024-04-03 02:00:00,112,32.0,4月3日
经中路-环南路,2024-04-03 03:00:00,97,27.714285714285715,4月3日
经中路-环南路,2024-04-03 04:00:00,105,30.0,4月3日
经中路-环南路,2024-04-03 05:00:00,278,79.42857142857143,4月3日
经中路-环南路,2024-04-03 06:00:00,1141,326.0,4月3日
经中路-环南路,2024-04-03 07:00:00,2141,611.7142857142857,4月3日
经中路-环南路,2024-04-03 08:00:00,1891,540.2857142857143,4月3日
经中路-环南路,2024-04-03 09:00:00,1959,559.7142857142857,4月3日
经中路-环南路,2024-04-03 10:00:00,1668,476.57142857142856,4月3日
经中路-环南路,2024-04-03 11:00:00,1775,507.14285714285717,4月3日
经中路-环南路,2024-04-03 12:00:00,1849,528.2857142857143,4月3日
经中路-环南路,2024-04-03 13:00:00,1946,556.0,4月3日
经中路-环南路,2024-04-03 14:00:00,1844,526.8571428571429,4月3日
经中路-环南路,2024-04-03 15:00:00,2252,643.4285714285714,4月3日
经中路-环南路,2024-04-03 16:00:00,1980,565.7142857142857,4月3日
经中路-环南路,2024-04-03 17:00:00,1557,444.85714285714283,4月3日
经中路-环南路,2024-04-03 18:00:00,2235,638.5714285714286,4月3日
经中路-环南路,2024-04-03 19:00:00,1686,481.7142857142857,4月3日
经中路-环南路,2024-04-03 20:00:00,1447,413.42857142857144,4月3日
经中路-环南路,2024-04-03 21:00:00,1110,317.14285714285717,4月3日
经中路-环南路,2024-04-03 22:00:00,807,230.57142857142858,4月3日
经中路-环南路,2024-04-03 23:00:00,762,217.71428571428572,4月3日
经中路-纬一路,2024-04-03 00:00:00,103,29.428571428571427,4月3日
经中路-纬一路,2024-04-03 01:00:00,62,17.714285714285715,4月3日
经中路-纬一路,2024-04-03 02:00:00,36,10.285714285714286,4月3日
经中路-纬一路,2024-04-03 03:00:00,49,14.0,4月3日
经中路-纬一路,2024-04-03 04:00:00,64,18.285714285714285,4月3日
经中路-纬一路,2024-04-03 05:00:00,102,29.142857142857142,4月3日
经中路-纬一路,2024-04-03 06:00:00,345,98.57142857142857,4月3日
经中路-纬一路,2024-04-03 07:00:00,667,190.57142857142858,4月3日
经中路-纬一路,2024-04-03 08:00:00,532,152.0,4月3日
经中路-纬一路,2024-04-03 09:00:00,577,164.85714285714286,4月3日
经中路-纬一路,2024-04-03 10:00:00,546,156.0,4月3日
经中路-纬一路,2024-04-03 11:00:00,666,190.28571428571428,4月3日
经中路-纬一路,2024-04-03 12:00:00,669,191.14285714285714,4月3日
经中路-纬一路,2024-04-03 13:00:00,663,189.42857142857142,4月3日
经中路-纬一路,2024-04-03 14:00:00,696,198.85714285714286,4月3日
经中路-纬一路,2024-04-03 15:00:00,788,225.14285714285714,4月3日
经中路-纬一路,2024-04-03 16:00:00,748,213.71428571428572,4月3日
经中路-纬一路,2024-04-03 17:00:00,716,204.57142857142858,4月3日
经中路-纬一路,2024-04-03 18:00:00,747,213.42857142857142,4月3日
经中路-纬一路,2024-04-03 19:00:00,607,173.42857142857142,4月3日
经中路-纬一路,2024-04-03 20:00:00,495,141.42857142857142,4月3日
经中路-纬一路,2024-04-03 21:00:00,440,125.71428571428571,4月3日
经中路-纬一路,2024-04-03 22:00:00,274,78.28571428571429,4月3日
经中路-纬一路,2024-04-03 23:00:00,233,66.57142857142857,4月3日
经中路-纬中路,2024-04-03 00:00:00,312,89.14285714285714,4月3日
经中路-纬中路,2024-04-03 01:00:00,175,50.0,4月3日
经中路-纬中路,2024-04-03 02:00:00,113,32.285714285714285,4月3日
经中路-纬中路,2024-04-03 03:00:00,95,27.142857142857142,4月3日
经中路-纬中路,2024-04-03 04:00:00,112,32.0,4月3日
经中路-纬中路,2024-04-03 05:00:00,262,74.85714285714286,4月3日
经中路-纬中路,2024-04-03 06:00:00,967,276.2857142857143,4月3日
经中路-纬中路,2024-04-03 07:00:00,1745,498.57142857142856,4月3日
经中路-纬中路,2024-04-03 08:00:00,1483,423.7142857142857,4月3日
经中路-纬中路,2024-04-03 09:00:00,1438,410.85714285714283,4月3日
经中路-纬中路,2024-04-03 10:00:00,1337,382.0,4月3日
经中路-纬中路,2024-04-03 11:00:00,1559,445.42857142857144,4月3日
经中路-纬中路,2024-04-03 12:00:00,1616,461.7142857142857,4月3日
经中路-纬中路,2024-04-03 13:00:00,1693,483.7142857142857,4月3日
经中路-纬中路,2024-04-03 14:00:00,1608,459.42857142857144,4月3日
经中路-纬中路,2024-04-03 15:00:00,1825,521.4285714285714,4月3日
经中路-纬中路,2024-04-03 16:00:00,1728,493.7142857142857,4月3日
经中路-纬中路,2024-04-03 17:00:00,1446,413.14285714285717,4月3日
经中路-纬中路,2024-04-03 18:00:00,1951,557.4285714285714,4月3日
经中路-纬中路,2024-04-03 19:00:00,1543,440.85714285714283,4月3日
经中路-纬中路,2024-04-03 20:00:00,1340,382.85714285714283,4月3日
经中路-纬中路,2024-04-03 21:00:00,1128,322.2857142857143,4月3日
经中路-纬中路,2024-04-03 22:00:00,807,230.57142857142858,4月3日
经中路-纬中路,2024-04-03 23:00:00,636,181.71428571428572,4月3日
经二路-纬中路,2024-04-03 00:00:00,162,46.285714285714285,4月3日
经二路-纬中路,2024-04-03 01:00:00,106,30.285714285714285,4月3日
经二路-纬中路,2024-04-03 02:00:00,56,16.0,4月3日
经二路-纬中路,2024-04-03 03:00:00,32,9.142857142857142,4月3日
经二路-纬中路,2024-04-03 04:00:00,46,13.142857142857142,4月3日
经二路-纬中路,2024-04-03 05:00:00,83,23.714285714285715,4月3日
经二路-纬中路,2024-04-03 06:00:00,417,119.14285714285714,4月3日
经二路-纬中路,2024-04-03 07:00:00,966,276.0,4月3日
经二路-纬中路,2024-04-03 08:00:00,1065,304.2857142857143,4月3日
经二路-纬中路,2024-04-03 09:00:00,743,212.28571428571428,4月3日
经二路-纬中路,2024-04-03 10:00:00,647,184.85714285714286,4月3日
经二路-纬中路,2024-04-03 11:00:00,891,254.57142857142858,4月3日
经二路-纬中路,2024-04-03 12:00:00,843,240.85714285714286,4月3日
经二路-纬中路,2024-04-03 13:00:00,935,267.14285714285717,4月3日
经二路-纬中路,2024-04-03 14:00:00,858,245.14285714285714,4月3日
经二路-纬中路,2024-04-03 15:00:00,1025,292.85714285714283,4月3日
经二路-纬中路,2024-04-03 16:00:00,1313,375.14285714285717,4月3日
经二路-纬中路,2024-04-03 17:00:00,1227,350.57142857142856,4月3日
经二路-纬中路,2024-04-03 18:00:00,1089,311.14285714285717,4月3日
经二路-纬中路,2024-04-03 19:00:00,901,257.42857142857144,4月3日
经二路-纬中路,2024-04-03 20:00:00,823,235.14285714285714,4月3日
经二路-纬中路,2024-04-03 21:00:00,591,168.85714285714286,4月3日
经二路-纬中路,2024-04-03 22:00:00,435,124.28571428571429,4月3日
经二路-纬中路,2024-04-03 23:00:00,435,124.28571428571429,4月3日
经五路-纬中路,2024-04-03 00:00:00,28,8.0,4月3日
经五路-纬中路,2024-04-03 01:00:00,18,5.142857142857143,4月3日
经五路-纬中路,2024-04-03 02:00:00,9,2.5714285714285716,4月3日
经五路-纬中路,2024-04-03 03:00:00,8,2.2857142857142856,4月3日
经五路-纬中路,2024-04-03 04:00:00,15,4.285714285714286,4月3日
经五路-纬中路,2024-04-03 05:00:00,32,9.142857142857142,4月3日
经五路-纬中路,2024-04-03 06:00:00,158,45.142857142857146,4月3日
经五路-纬中路,2024-04-03 07:00:00,320,91.42857142857143,4月3日
经五路-纬中路,2024-04-03 08:00:00,274,78.28571428571429,4月3日
经五路-纬中路,2024-04-03 09:00:00,230,65.71428571428571,4月3日
经五路-纬中路,2024-04-03 10:00:00,239,68.28571428571429,4月3日
经五路-纬中路,2024-04-03 11:00:00,286,81.71428571428571,4月3日
经五路-纬中路,2024-04-03 12:00:00,229,65.42857142857143,4月3日
经五路-纬中路,2024-04-03 13:00:00,323,92.28571428571429,4月3日
经五路-纬中路,2024-04-03 14:00:00,299,85.42857142857143,4月3日
经五路-纬中路,2024-04-03 15:00:00,336,96.0,4月3日
经五路-纬中路,2024-04-03 16:00:00,464,132.57142857142858,4月3日
经五路-纬中路,2024-04-03 17:00:00,466,133.14285714285714,4月3日
经五路-纬中路,2024-04-03 18:00:00,331,94.57142857142857,4月3日
经五路-纬中路,2024-04-03 19:00:00,234,66.85714285714286,4月3日
经五路-纬中路,2024-04-03 20:00:00,219,62.57142857142857,4月3日
经五路-纬中路,2024-04-03 21:00:00,166,47.42857142857143,4月3日
经五路-纬中路,2024-04-03 22:00:00,137,39.142857142857146,4月3日
经五路-纬中路,2024-04-03 23:00:00,90,25.714285714285715,4月3日
经四路-纬中路,2024-04-03 00:00:00,62,17.714285714285715,4月3日
经四路-纬中路,2024-04-03 01:00:00,38,10.857142857142858,4月3日
经四路-纬中路,2024-04-03 02:00:00,27,7.714285714285714,4月3日
经四路-纬中路,2024-04-03 03:00:00,19,5.428571428571429,4月3日
经四路-纬中路,2024-04-03 04:00:00,20,5.714285714285714,4月3日
经四路-纬中路,2024-04-03 05:00:00,85,24.285714285714285,4月3日
经四路-纬中路,2024-04-03 06:00:00,114,32.57142857142857,4月3日
经四路-纬中路,2024-04-03 07:00:00,109,31.142857142857142,4月3日
经四路-纬中路,2024-04-03 08:00:00,110,31.428571428571427,4月3日
经四路-纬中路,2024-04-03 09:00:00,127,36.285714285714285,4月3日
经四路-纬中路,2024-04-03 10:00:00,92,26.285714285714285,4月3日
经四路-纬中路,2024-04-03 11:00:00,132,37.714285714285715,4月3日
经四路-纬中路,2024-04-03 12:00:00,107,30.571428571428573,4月3日
经四路-纬中路,2024-04-03 13:00:00,114,32.57142857142857,4月3日
经四路-纬中路,2024-04-03 14:00:00,104,29.714285714285715,4月3日
经四路-纬中路,2024-04-03 15:00:00,102,29.142857142857142,4月3日
经四路-纬中路,2024-04-03 16:00:00,97,27.714285714285715,4月3日
经四路-纬中路,2024-04-03 17:00:00,111,31.714285714285715,4月3日
经四路-纬中路,2024-04-03 18:00:00,115,32.857142857142854,4月3日
经四路-纬中路,2024-04-03 19:00:00,108,30.857142857142858,4月3日
经四路-纬中路,2024-04-03 20:00:00,123,35.142857142857146,4月3日
经四路-纬中路,2024-04-03 21:00:00,114,32.57142857142857,4月3日
经四路-纬中路,2024-04-03 22:00:00,127,36.285714285714285,4月3日
经四路-纬中路,2024-04-03 23:00:00,111,31.714285714285715,4月3日
环东路-纬中路,2024-04-04 19:00:00,883,252.28571428571428,4月4日
环东路-纬中路,2024-04-04 20:00:00,1193,340.85714285714283,4月4日
环东路-纬中路,2024-04-04 21:00:00,635,181.42857142857142,4月4日
环西路-纬中路,2024-04-04 00:00:00,1081,308.85714285714283,4月4日
环西路-纬中路,2024-04-04 01:00:00,549,156.85714285714286,4月4日
环西路-纬中路,2024-04-04 02:00:00,356,101.71428571428571,4月4日
环西路-纬中路,2024-04-04 03:00:00,239,68.28571428571429,4月4日
环西路-纬中路,2024-04-04 04:00:00,220,62.857142857142854,4月4日
环西路-纬中路,2024-04-04 05:00:00,346,98.85714285714286,4月4日
环西路-纬中路,2024-04-04 06:00:00,878,250.85714285714286,4月4日
环西路-纬中路,2024-04-04 07:00:00,2064,589.7142857142857,4月4日
环西路-纬中路,2024-04-04 08:00:00,3082,880.5714285714286,4月4日
环西路-纬中路,2024-04-04 09:00:00,3518,1005.1428571428571,4月4日
环西路-纬中路,2024-04-04 10:00:00,3662,1046.2857142857142,4月4日
环西路-纬中路,2024-04-04 11:00:00,4321,1234.5714285714287,4月4日
环西路-纬中路,2024-04-04 12:00:00,5167,1476.2857142857142,4月4日
环西路-纬中路,2024-04-04 13:00:00,5539,1582.5714285714287,4月4日
环西路-纬中路,2024-04-04 14:00:00,5433,1552.2857142857142,4月4日
环西路-纬中路,2024-04-04 15:00:00,5086,1453.142857142857,4月4日
环西路-纬中路,2024-04-04 16:00:00,4860,1388.5714285714287,4月4日
环西路-纬中路,2024-04-04 17:00:00,4856,1387.4285714285713,4月4日
环西路-纬中路,2024-04-04 18:00:00,4698,1342.2857142857142,4月4日
环西路-纬中路,2024-04-04 19:00:00,3848,1099.4285714285713,4月4日
环西路-纬中路,2024-04-04 20:00:00,3929,1122.5714285714287,4月4日
环西路-纬中路,2024-04-04 21:00:00,3391,968.8571428571429,4月4日
环西路-纬中路,2024-04-04 22:00:00,2216,633.1428571428571,4月4日
环西路-纬中路,2024-04-04 23:00:00,1577,450.57142857142856,4月4日
纬中路-景区出入口,2024-04-04 03:00:00,20,5.714285714285714,4月4日
纬中路-景区出入口,2024-04-04 04:00:00,35,10.0,4月4日
纬中路-景区出入口,2024-04-04 05:00:00,73,20.857142857142858,4月4日
纬中路-景区出入口,2024-04-04 06:00:00,171,48.857142857142854,4月4日
纬中路-景区出入口,2024-04-04 07:00:00,388,110.85714285714286,4月4日
纬中路-景区出入口,2024-04-04 08:00:00,574,164.0,4月4日
纬中路-景区出入口,2024-04-04 09:00:00,725,207.14285714285714,4月4日
纬中路-景区出入口,2024-04-04 10:00:00,940,268.57142857142856,4月4日
纬中路-景区出入口,2024-04-04 11:00:00,929,265.42857142857144,4月4日
纬中路-景区出入口,2024-04-04 12:00:00,857,244.85714285714286,4月4日
纬中路-景区出入口,2024-04-04 13:00:00,1010,288.57142857142856,4月4日
纬中路-景区出入口,2024-04-04 14:00:00,1009,288.2857142857143,4月4日
纬中路-景区出入口,2024-04-04 15:00:00,965,275.7142857142857,4月4日
纬中路-景区出入口,2024-04-04 16:00:00,826,236.0,4月4日
纬中路-景区出入口,2024-04-04 17:00:00,1051,300.2857142857143,4月4日
纬中路-景区出入口,2024-04-04 18:00:00,954,272.57142857142856,4月4日
纬中路-景区出入口,2024-04-04 19:00:00,912,260.57142857142856,4月4日
纬中路-景区出入口,2024-04-04 20:00:00,851,243.14285714285714,4月4日
纬中路-景区出入口,2024-04-04 21:00:00,623,178.0,4月4日
纬中路-景区出入口,2024-04-04 22:00:00,401,114.57142857142857,4月4日
纬中路-景区出入口,2024-04-04 23:00:00,209,59.714285714285715,4月4日
经一路-纬中路,2024-04-04 00:00:00,483,138.0,4月4日
经一路-纬中路,2024-04-04 01:00:00,264,75.42857142857143,4月4日
经一路-纬中路,2024-04-04 02:00:00,165,47.142857142857146,4月4日
经一路-纬中路,2024-04-04 03:00:00,94,26.857142857142858,4月4日
经一路-纬中路,2024-04-04 04:00:00,97,27.714285714285715,4月4日
经一路-纬中路,2024-04-04 05:00:00,133,38.0,4月4日
经一路-纬中路,2024-04-04 06:00:00,351,100.28571428571429,4月4日
经一路-纬中路,2024-04-04 07:00:00,780,222.85714285714286,4月4日
经一路-纬中路,2024-04-04 08:00:00,482,137.71428571428572,4月4日
经一路-纬中路,2024-04-04 11:00:00,1234,352.57142857142856,4月4日
经一路-纬中路,2024-04-04 12:00:00,1930,551.4285714285714,4月4日
经一路-纬中路,2024-04-04 13:00:00,1965,561.4285714285714,4月4日
经一路-纬中路,2024-04-04 14:00:00,2140,611.4285714285714,4月4日
经一路-纬中路,2024-04-04 15:00:00,1981,566.0,4月4日
经一路-纬中路,2024-04-04 16:00:00,2419,691.1428571428571,4月4日
经一路-纬中路,2024-04-04 17:00:00,2138,610.8571428571429,4月4日
经一路-纬中路,2024-04-04 18:00:00,2166,618.8571428571429,4月4日
经一路-纬中路,2024-04-04 19:00:00,1928,550.8571428571429,4月4日
经一路-纬中路,2024-04-04 20:00:00,1652,472.0,4月4日
经一路-纬中路,2024-04-04 21:00:00,1387,396.2857142857143,4月4日
经一路-纬中路,2024-04-04 22:00:00,916,261.7142857142857,4月4日
经一路-纬中路,2024-04-04 23:00:00,737,210.57142857142858,4月4日
经三路-纬中路,2024-04-04 00:00:00,342,97.71428571428571,4月4日
经三路-纬中路,2024-04-04 01:00:00,214,61.142857142857146,4月4日
经三路-纬中路,2024-04-04 02:00:00,89,25.428571428571427,4月4日
经三路-纬中路,2024-04-04 03:00:00,61,17.428571428571427,4月4日
经三路-纬中路,2024-04-04 04:00:00,63,18.0,4月4日
经三路-纬中路,2024-04-04 05:00:00,117,33.42857142857143,4月4日
经三路-纬中路,2024-04-04 06:00:00,361,103.14285714285714,4月4日
经三路-纬中路,2024-04-04 07:00:00,787,224.85714285714286,4月4日
经三路-纬中路,2024-04-04 08:00:00,1263,360.85714285714283,4月4日
经三路-纬中路,2024-04-04 09:00:00,1493,426.57142857142856,4月4日
经三路-纬中路,2024-04-04 10:00:00,1573,449.42857142857144,4月4日
经三路-纬中路,2024-04-04 11:00:00,1698,485.14285714285717,4月4日
经三路-纬中路,2024-04-04 12:00:00,1953,558.0,4月4日
经三路-纬中路,2024-04-04 13:00:00,1824,521.1428571428571,4月4日
经三路-纬中路,2024-04-04 14:00:00,1567,447.7142857142857,4月4日
经三路-纬中路,2024-04-04 15:00:00,1741,497.42857142857144,4月4日
经三路-纬中路,2024-04-04 16:00:00,1354,386.85714285714283,4月4日
经三路-纬中路,2024-04-04 17:00:00,1757,502.0,4月4日
经三路-纬中路,2024-04-04 18:00:00,1718,490.85714285714283,4月4日
经三路-纬中路,2024-04-04 19:00:00,1609,459.7142857142857,4月4日
经三路-纬中路,2024-04-04 20:00:00,1428,408.0,4月4日
经三路-纬中路,2024-04-04 21:00:00,1130,322.85714285714283,4月4日
经三路-纬中路,2024-04-04 22:00:00,757,216.28571428571428,4月4日
经三路-纬中路,2024-04-04 23:00:00,626,178.85714285714286,4月4日
经中路-环北路,2024-04-04 00:00:00,267,76.28571428571429,4月4日
经中路-环北路,2024-04-04 01:00:00,144,41.142857142857146,4月4日
经中路-环北路,2024-04-04 02:00:00,83,23.714285714285715,4月4日
经中路-环北路,2024-04-04 03:00:00,67,19.142857142857142,4月4日
经中路-环北路,2024-04-04 04:00:00,85,24.285714285714285,4月4日
经中路-环北路,2024-04-04 05:00:00,161,46.0,4月4日
经中路-环北路,2024-04-04 06:00:00,500,142.85714285714286,4月4日
经中路-环北路,2024-04-04 07:00:00,930,265.7142857142857,4月4日
经中路-环北路,2024-04-04 08:00:00,1472,420.57142857142856,4月4日
经中路-环北路,2024-04-04 09:00:00,1730,494.2857142857143,4月4日
经中路-环北路,2024-04-04 10:00:00,1961,560.2857142857143,4月4日
经中路-环北路,2024-04-04 11:00:00,2031,580.2857142857143,4月4日
经中路-环北路,2024-04-04 12:00:00,1865,532.8571428571429,4月4日
经中路-环北路,2024-04-04 13:00:00,1995,570.0,4月4日
经中路-环北路,2024-04-04 14:00:00,1726,493.14285714285717,4月4日
经中路-环北路,2024-04-04 15:00:00,1717,490.57142857142856,4月4日
经中路-环北路,2024-04-04 16:00:00,476,136.0,4月4日
经中路-环北路,2024-04-04 17:00:00,1962,560.5714285714286,4月4日
经中路-环北路,2024-04-04 18:00:00,1825,521.4285714285714,4月4日
经中路-环北路,2024-04-04 19:00:00,1713,489.42857142857144,4月4日
经中路-环北路,2024-04-04 20:00:00,1495,427.14285714285717,4月4日
经中路-环北路,2024-04-04 21:00:00,1196,341.7142857142857,4月4日
经中路-环北路,2024-04-04 22:00:00,763,218.0,4月4日
经中路-环北路,2024-04-04 23:00:00,417,119.14285714285714,4月4日
经中路-环南路,2024-04-04 00:00:00,404,115.42857142857143,4月4日
经中路-环南路,2024-04-04 01:00:00,237,67.71428571428571,4月4日
经中路-环南路,2024-04-04 02:00:00,115,32.857142857142854,4月4日
经中路-环南路,2024-04-04 03:00:00,92,26.285714285714285,4月4日
经中路-环南路,2024-04-04 04:00:00,114,32.57142857142857,4月4日
经中路-环南路,2024-04-04 05:00:00,243,69.42857142857143,4月4日
经中路-环南路,2024-04-04 06:00:00,651,186.0,4月4日
经中路-环南路,2024-04-04 07:00:00,1161,331.7142857142857,4月4日
经中路-环南路,2024-04-04 08:00:00,1475,421.42857142857144,4月4日
经中路-环南路,2024-04-04 09:00:00,1679,479.7142857142857,4月4日
经中路-环南路,2024-04-04 10:00:00,1676,478.85714285714283,4月4日
经中路-环南路,2024-04-04 11:00:00,1780,508.57142857142856,4月4日
经中路-环南路,2024-04-04 12:00:00,1953,558.0,4月4日
经中路-环南路,2024-04-04 13:00:00,2233,638.0,4月4日
经中路-环南路,2024-04-04 14:00:00,2818,805.1428571428571,4月4日
经中路-环南路,2024-04-04 15:00:00,2867,819.1428571428571,4月4日
经中路-环南路,2024-04-04 16:00:00,2774,792.5714285714286,4月4日
经中路-环南路,2024-04-04 17:00:00,2508,716.5714285714286,4月4日
经中路-环南路,2024-04-04 18:00:00,2299,656.8571428571429,4月4日
经中路-环南路,2024-04-04 19:00:00,2200,628.5714285714286,4月4日
经中路-环南路,2024-04-04 20:00:00,1820,520.0,4月4日
经中路-环南路,2024-04-04 21:00:00,1310,374.2857142857143,4月4日
经中路-环南路,2024-04-04 22:00:00,819,234.0,4月4日
经中路-环南路,2024-04-04 23:00:00,639,182.57142857142858,4月4日
经中路-纬一路,2024-04-04 00:00:00,137,39.142857142857146,4月4日
经中路-纬一路,2024-04-04 01:00:00,79,22.571428571428573,4月4日
经中路-纬一路,2024-04-04 02:00:00,44,12.571428571428571,4月4日
经中路-纬一路,2024-04-04 03:00:00,45,12.857142857142858,4月4日
经中路-纬一路,2024-04-04 04:00:00,75,21.428571428571427,4月4日
经中路-纬一路,2024-04-04 05:00:00,87,24.857142857142858,4月4日
经中路-纬一路,2024-04-04 06:00:00,219,62.57142857142857,4月4日
经中路-纬一路,2024-04-04 07:00:00,393,112.28571428571429,4月4日
经中路-纬一路,2024-04-04 08:00:00,598,170.85714285714286,4月4日
经中路-纬一路,2024-04-04 09:00:00,762,217.71428571428572,4月4日
经中路-纬一路,2024-04-04 10:00:00,822,234.85714285714286,4月4日
经中路-纬一路,2024-04-04 11:00:00,831,237.42857142857142,4月4日
经中路-纬一路,2024-04-04 12:00:00,994,284.0,4月4日
经中路-纬一路,2024-04-04 13:00:00,1033,295.14285714285717,4月4日
经中路-纬一路,2024-04-04 14:00:00,1051,300.2857142857143,4月4日
经中路-纬一路,2024-04-04 15:00:00,1061,303.14285714285717,4月4日
经中路-纬一路,2024-04-04 16:00:00,1009,288.2857142857143,4月4日
经中路-纬一路,2024-04-04 17:00:00,1054,301.14285714285717,4月4日
经中路-纬一路,2024-04-04 18:00:00,834,238.28571428571428,4月4日
经中路-纬一路,2024-04-04 19:00:00,893,255.14285714285714,4月4日
经中路-纬一路,2024-04-04 20:00:00,725,207.14285714285714,4月4日
经中路-纬一路,2024-04-04 21:00:00,597,170.57142857142858,4月4日
经中路-纬一路,2024-04-04 22:00:00,366,104.57142857142857,4月4日
经中路-纬一路,2024-04-04 23:00:00,229,65.42857142857143,4月4日
经中路-纬中路,2024-04-04 00:00:00,364,104.0,4月4日
经中路-纬中路,2024-04-04 01:00:00,260,74.28571428571429,4月4日
经中路-纬中路,2024-04-04 02:00:00,126,36.0,4月4日
经中路-纬中路,2024-04-04 03:00:00,109,31.142857142857142,4月4日
经中路-纬中路,2024-04-04 04:00:00,129,36.857142857142854,4月4日
经中路-纬中路,2024-04-04 05:00:00,240,68.57142857142857,4月4日
经中路-纬中路,2024-04-04 06:00:00,511,146.0,4月4日
经中路-纬中路,2024-04-04 07:00:00,1167,333.42857142857144,4月4日
经中路-纬中路,2024-04-04 08:00:00,1524,435.42857142857144,4月4日
经中路-纬中路,2024-04-04 09:00:00,1884,538.2857142857143,4月4日
经中路-纬中路,2024-04-04 10:00:00,2170,620.0,4月4日
经中路-纬中路,2024-04-04 11:00:00,2170,620.0,4月4日
经中路-纬中路,2024-04-04 12:00:00,2161,617.4285714285714,4月4日
经中路-纬中路,2024-04-04 13:00:00,2230,637.1428571428571,4月4日
经中路-纬中路,2024-04-04 14:00:00,2256,644.5714285714286,4月4日
经中路-纬中路,2024-04-04 15:00:00,2345,670.0,4月4日
经中路-纬中路,2024-04-04 16:00:00,2370,677.1428571428571,4月4日
经中路-纬中路,2024-04-04 17:00:00,2432,694.8571428571429,4月4日
经中路-纬中路,2024-04-04 18:00:00,2157,616.2857142857143,4月4日
经中路-纬中路,2024-04-04 19:00:00,2095,598.5714285714286,4月4日
经中路-纬中路,2024-04-04 20:00:00,1833,523.7142857142857,4月4日
经中路-纬中路,2024-04-04 21:00:00,1541,440.2857142857143,4月4日
经中路-纬中路,2024-04-04 22:00:00,1015,290.0,4月4日
经中路-纬中路,2024-04-04 23:00:00,587,167.71428571428572,4月4日
经二路-纬中路,2024-04-04 00:00:00,224,64.0,4月4日
经二路-纬中路,2024-04-04 01:00:00,148,42.285714285714285,4月4日
经二路-纬中路,2024-04-04 02:00:00,67,19.142857142857142,4月4日
经二路-纬中路,2024-04-04 03:00:00,48,13.714285714285714,4月4日
经二路-纬中路,2024-04-04 04:00:00,54,15.428571428571429,4月4日
经二路-纬中路,2024-04-04 05:00:00,66,18.857142857142858,4月4日
经二路-纬中路,2024-04-04 06:00:00,227,64.85714285714286,4月4日
经二路-纬中路,2024-04-04 07:00:00,421,120.28571428571429,4月4日
经二路-纬中路,2024-04-04 08:00:00,738,210.85714285714286,4月4日
经二路-纬中路,2024-04-04 09:00:00,868,248.0,4月4日
经二路-纬中路,2024-04-04 10:00:00,1023,292.2857142857143,4月4日
经二路-纬中路,2024-04-04 11:00:00,1132,323.42857142857144,4月4日
经二路-纬中路,2024-04-04 12:00:00,1275,364.2857142857143,4月4日
经二路-纬中路,2024-04-04 13:00:00,1275,364.2857142857143,4月4日
经二路-纬中路,2024-04-04 14:00:00,1326,378.85714285714283,4月4日
经二路-纬中路,2024-04-04 15:00:00,247,70.57142857142857,4月4日
经二路-纬中路,2024-04-04 16:00:00,1210,345.7142857142857,4月4日
经二路-纬中路,2024-04-04 17:00:00,1156,330.2857142857143,4月4日
经二路-纬中路,2024-04-04 18:00:00,1274,364.0,4月4日
经二路-纬中路,2024-04-04 19:00:00,1112,317.7142857142857,4月4日
经二路-纬中路,2024-04-04 20:00:00,1025,292.85714285714283,4月4日
经二路-纬中路,2024-04-04 21:00:00,850,242.85714285714286,4月4日
经二路-纬中路,2024-04-04 22:00:00,529,151.14285714285714,4月4日
经二路-纬中路,2024-04-04 23:00:00,399,114.0,4月4日
经五路-纬中路,2024-04-04 00:00:00,59,16.857142857142858,4月4日
经五路-纬中路,2024-04-04 01:00:00,18,5.142857142857143,4月4日
经五路-纬中路,2024-04-04 02:00:00,7,2.0,4月4日
经五路-纬中路,2024-04-04 03:00:00,9,2.5714285714285716,4月4日
经五路-纬中路,2024-04-04 04:00:00,18,5.142857142857143,4月4日
经五路-纬中路,2024-04-04 05:00:00,31,8.857142857142858,4月4日
经五路-纬中路,2024-04-04 06:00:00,105,30.0,4月4日
经五路-纬中路,2024-04-04 07:00:00,178,50.857142857142854,4月4日
经五路-纬中路,2024-04-04 08:00:00,304,86.85714285714286,4月4日
经五路-纬中路,2024-04-04 09:00:00,370,105.71428571428571,4月4日
经五路-纬中路,2024-04-04 10:00:00,583,166.57142857142858,4月4日
经五路-纬中路,2024-04-04 11:00:00,588,168.0,4月4日
经五路-纬中路,2024-04-04 12:00:00,699,199.71428571428572,4月4日
经五路-纬中路,2024-04-04 13:00:00,648,185.14285714285714,4月4日
经五路-纬中路,2024-04-04 14:00:00,707,202.0,4月4日
经五路-纬中路,2024-04-04 15:00:00,580,165.71428571428572,4月4日
经五路-纬中路,2024-04-04 16:00:00,742,212.0,4月4日
经五路-纬中路,2024-04-04 17:00:00,478,136.57142857142858,4月4日
经五路-纬中路,2024-04-04 18:00:00,513,146.57142857142858,4月4日
经五路-纬中路,2024-04-04 19:00:00,440,125.71428571428571,4月4日
经五路-纬中路,2024-04-04 20:00:00,353,100.85714285714286,4月4日
经五路-纬中路,2024-04-04 21:00:00,267,76.28571428571429,4月4日
经五路-纬中路,2024-04-04 22:00:00,190,54.285714285714285,4月4日
经五路-纬中路,2024-04-04 23:00:00,79,22.571428571428573,4月4日
经四路-纬中路,2024-04-04 00:00:00,98,28.0,4月4日
经四路-纬中路,2024-04-04 01:00:00,63,18.0,4月4日
经四路-纬中路,2024-04-04 02:00:00,35,10.0,4月4日
经四路-纬中路,2024-04-04 03:00:00,20,5.714285714285714,4月4日
经四路-纬中路,2024-04-04 04:00:00,35,10.0,4月4日
经四路-纬中路,2024-04-04 05:00:00,63,18.0,4月4日
经四路-纬中路,2024-04-04 06:00:00,106,30.285714285714285,4月4日
经四路-纬中路,2024-04-04 07:00:00,113,32.285714285714285,4月4日
经四路-纬中路,2024-04-04 08:00:00,98,28.0,4月4日
经四路-纬中路,2024-04-04 09:00:00,84,24.0,4月4日
经四路-纬中路,2024-04-04 10:00:00,65,18.571428571428573,4月4日
经四路-纬中路,2024-04-04 11:00:00,87,24.857142857142858,4月4日
经四路-纬中路,2024-04-04 12:00:00,45,12.857142857142858,4月4日
经四路-纬中路,2024-04-04 13:00:00,59,16.857142857142858,4月4日
经四路-纬中路,2024-04-04 14:00:00,67,19.142857142857142,4月4日
经四路-纬中路,2024-04-04 15:00:00,115,32.857142857142854,4月4日
经四路-纬中路,2024-04-04 16:00:00,77,22.0,4月4日
经四路-纬中路,2024-04-04 17:00:00,104,29.714285714285715,4月4日
经四路-纬中路,2024-04-04 18:00:00,114,32.57142857142857,4月4日
经四路-纬中路,2024-04-04 19:00:00,102,29.142857142857142,4月4日
经四路-纬中路,2024-04-04 20:00:00,97,27.714285714285715,4月4日
经四路-纬中路,2024-04-04 21:00:00,104,29.714285714285715,4月4日
经四路-纬中路,2024-04-04 22:00:00,114,32.57142857142857,4月4日
经四路-纬中路,2024-04-04 23:00:00,131,37.42857142857143,4月4日
环西路-纬中路,2024-04-05 00:00:00,937,267.7142857142857,4月5日
环西路-纬中路,2024-04-05 01:00:00,522,149.14285714285714,4月5日
环西路-纬中路,2024-04-05 02:00:00,267,76.28571428571429,4月5日
环西路-纬中路,2024-04-05 03:00:00,168,48.0,4月5日
环西路-纬中路,2024-04-05 04:00:00,182,52.0,4月5日
环西路-纬中路,2024-04-05 05:00:00,300,85.71428571428571,4月5日
环西路-纬中路,2024-04-05 06:00:00,1042,297.7142857142857,4月5日
环西路-纬中路,2024-04-05 07:00:00,2160,617.1428571428571,4月5日
环西路-纬中路,2024-04-05 08:00:00,2276,650.2857142857143,4月5日
环西路-纬中路,2024-04-05 09:00:00,2560,731.4285714285714,4月5日
环西路-纬中路,2024-04-05 10:00:00,2427,693.4285714285714,4月5日
环西路-纬中路,2024-04-05 11:00:00,2675,764.2857142857143,4月5日
环西路-纬中路,2024-04-05 12:00:00,2902,829.1428571428571,4月5日
环西路-纬中路,2024-04-05 13:00:00,5118,1462.2857142857142,4月5日
环西路-纬中路,2024-04-05 14:00:00,4605,1315.7142857142858,4月5日
环西路-纬中路,2024-04-05 15:00:00,4709,1345.4285714285713,4月5日
环西路-纬中路,2024-04-05 16:00:00,4838,1382.2857142857142,4月5日
环西路-纬中路,2024-04-05 17:00:00,3991,1140.2857142857142,4月5日
环西路-纬中路,2024-04-05 18:00:00,4746,1356.0,4月5日
环西路-纬中路,2024-04-05 19:00:00,4293,1226.5714285714287,4月5日
环西路-纬中路,2024-04-05 20:00:00,4287,1224.857142857143,4月5日
环西路-纬中路,2024-04-05 21:00:00,3332,952.0,4月5日
环西路-纬中路,2024-04-05 22:00:00,2160,617.1428571428571,4月5日
环西路-纬中路,2024-04-05 23:00:00,1471,420.2857142857143,4月5日
纬中路-景区出入口,2024-04-05 00:00:00,99,28.285714285714285,4月5日
纬中路-景区出入口,2024-04-05 01:00:00,65,18.571428571428573,4月5日
纬中路-景区出入口,2024-04-05 02:00:00,31,8.857142857142858,4月5日
纬中路-景区出入口,2024-04-05 03:00:00,32,9.142857142857142,4月5日
纬中路-景区出入口,2024-04-05 04:00:00,25,7.142857142857143,4月5日
纬中路-景区出入口,2024-04-05 05:00:00,59,16.857142857142858,4月5日
纬中路-景区出入口,2024-04-05 06:00:00,185,52.857142857142854,4月5日
纬中路-景区出入口,2024-04-05 07:00:00,467,133.42857142857142,4月5日
纬中路-景区出入口,2024-04-05 08:00:00,710,202.85714285714286,4月5日
纬中路-景区出入口,2024-04-05 09:00:00,941,268.85714285714283,4月5日
纬中路-景区出入口,2024-04-05 10:00:00,841,240.28571428571428,4月5日
纬中路-景区出入口,2024-04-05 11:00:00,1015,290.0,4月5日
纬中路-景区出入口,2024-04-05 12:00:00,964,275.42857142857144,4月5日
纬中路-景区出入口,2024-04-05 13:00:00,967,276.2857142857143,4月5日
纬中路-景区出入口,2024-04-05 14:00:00,969,276.85714285714283,4月5日
纬中路-景区出入口,2024-04-05 15:00:00,934,266.85714285714283,4月5日
纬中路-景区出入口,2024-04-05 16:00:00,1103,315.14285714285717,4月5日
纬中路-景区出入口,2024-04-05 17:00:00,886,253.14285714285714,4月5日
纬中路-景区出入口,2024-04-05 18:00:00,794,226.85714285714286,4月5日
纬中路-景区出入口,2024-04-05 19:00:00,550,157.14285714285714,4月5日
纬中路-景区出入口,2024-04-05 20:00:00,735,210.0,4月5日
纬中路-景区出入口,2024-04-05 21:00:00,452,129.14285714285714,4月5日
纬中路-景区出入口,2024-04-05 22:00:00,323,92.28571428571429,4月5日
纬中路-景区出入口,2024-04-05 23:00:00,209,59.714285714285715,4月5日
经一路-纬中路,2024-04-05 00:00:00,453,129.42857142857142,4月5日
经一路-纬中路,2024-04-05 01:00:00,274,78.28571428571429,4月5日
经一路-纬中路,2024-04-05 02:00:00,131,37.42857142857143,4月5日
经一路-纬中路,2024-04-05 03:00:00,78,22.285714285714285,4月5日
经一路-纬中路,2024-04-05 04:00:00,93,26.571428571428573,4月5日
经一路-纬中路,2024-04-05 05:00:00,106,30.285714285714285,4月5日
经一路-纬中路,2024-04-05 06:00:00,358,102.28571428571429,4月5日
经一路-纬中路,2024-04-05 07:00:00,1012,289.14285714285717,4月5日
经一路-纬中路,2024-04-05 08:00:00,1381,394.57142857142856,4月5日
经一路-纬中路,2024-04-05 09:00:00,1640,468.57142857142856,4月5日
经一路-纬中路,2024-04-05 10:00:00,1708,488.0,4月5日
经一路-纬中路,2024-04-05 11:00:00,2105,601.4285714285714,4月5日
经一路-纬中路,2024-04-05 12:00:00,2252,643.4285714285714,4月5日
经一路-纬中路,2024-04-05 13:00:00,1344,384.0,4月5日
经一路-纬中路,2024-04-05 14:00:00,1969,562.5714285714286,4月5日
经一路-纬中路,2024-04-05 15:00:00,2013,575.1428571428571,4月5日
经一路-纬中路,2024-04-05 16:00:00,2360,674.2857142857143,4月5日
经一路-纬中路,2024-04-05 17:00:00,1494,426.85714285714283,4月5日
经一路-纬中路,2024-04-05 18:00:00,1617,462.0,4月5日
经一路-纬中路,2024-04-05 19:00:00,1868,533.7142857142857,4月5日
经一路-纬中路,2024-04-05 20:00:00,1665,475.7142857142857,4月5日
经一路-纬中路,2024-04-05 21:00:00,1249,356.85714285714283,4月5日
经一路-纬中路,2024-04-05 22:00:00,924,264.0,4月5日
经一路-纬中路,2024-04-05 23:00:00,738,210.85714285714286,4月5日
经三路-纬中路,2024-04-05 00:00:00,356,101.71428571428571,4月5日
经三路-纬中路,2024-04-05 01:00:00,168,48.0,4月5日
经三路-纬中路,2024-04-05 02:00:00,79,22.571428571428573,4月5日
经三路-纬中路,2024-04-05 03:00:00,61,17.428571428571427,4月5日
经三路-纬中路,2024-04-05 04:00:00,53,15.142857142857142,4月5日
经三路-纬中路,2024-04-05 05:00:00,105,30.0,4月5日
经三路-纬中路,2024-04-05 06:00:00,380,108.57142857142857,4月5日
经三路-纬中路,2024-04-05 07:00:00,797,227.71428571428572,4月5日
经三路-纬中路,2024-04-05 08:00:00,1228,350.85714285714283,4月5日
经三路-纬中路,2024-04-05 09:00:00,1532,437.7142857142857,4月5日
经三路-纬中路,2024-04-05 10:00:00,1624,464.0,4月5日
经三路-纬中路,2024-04-05 11:00:00,1743,498.0,4月5日
经三路-纬中路,2024-04-05 12:00:00,1746,498.85714285714283,4月5日
经三路-纬中路,2024-04-05 13:00:00,1747,499.14285714285717,4月5日
经三路-纬中路,2024-04-05 14:00:00,1868,533.7142857142857,4月5日
经三路-纬中路,2024-04-05 15:00:00,1212,346.2857142857143,4月5日
经三路-纬中路,2024-04-05 16:00:00,643,183.71428571428572,4月5日
经三路-纬中路,2024-04-05 17:00:00,695,198.57142857142858,4月5日
经三路-纬中路,2024-04-05 18:00:00,1223,349.42857142857144,4月5日
经三路-纬中路,2024-04-05 19:00:00,1565,447.14285714285717,4月5日
经三路-纬中路,2024-04-05 20:00:00,988,282.2857142857143,4月5日
经中路-环北路,2024-04-05 00:00:00,263,75.14285714285714,4月5日
经中路-环北路,2024-04-05 01:00:00,155,44.285714285714285,4月5日
经中路-环北路,2024-04-05 02:00:00,92,26.285714285714285,4月5日
经中路-环北路,2024-04-05 03:00:00,70,20.0,4月5日
经中路-环北路,2024-04-05 04:00:00,81,23.142857142857142,4月5日
经中路-环北路,2024-04-05 05:00:00,201,57.42857142857143,4月5日
经中路-环北路,2024-04-05 06:00:00,591,168.85714285714286,4月5日
经中路-环北路,2024-04-05 07:00:00,1205,344.2857142857143,4月5日
经中路-环北路,2024-04-05 08:00:00,1479,422.57142857142856,4月5日
经中路-环北路,2024-04-05 09:00:00,2036,581.7142857142857,4月5日
经中路-环北路,2024-04-05 10:00:00,2111,603.1428571428571,4月5日
经中路-环北路,2024-04-05 11:00:00,1758,502.2857142857143,4月5日
经中路-环北路,2024-04-05 12:00:00,2021,577.4285714285714,4月5日
经中路-环北路,2024-04-05 13:00:00,2156,616.0,4月5日
经中路-环北路,2024-04-05 14:00:00,2022,577.7142857142857,4月5日
经中路-环北路,2024-04-05 15:00:00,2042,583.4285714285714,4月5日
经中路-环北路,2024-04-05 16:00:00,1839,525.4285714285714,4月5日
经中路-环北路,2024-04-05 17:00:00,627,179.14285714285714,4月5日
经中路-环北路,2024-04-05 18:00:00,875,250.0,4月5日
经中路-环北路,2024-04-05 19:00:00,945,270.0,4月5日
经中路-环北路,2024-04-05 20:00:00,1073,306.57142857142856,4月5日
经中路-环北路,2024-04-05 21:00:00,1070,305.7142857142857,4月5日
经中路-环北路,2024-04-05 22:00:00,682,194.85714285714286,4月5日
经中路-环北路,2024-04-05 23:00:00,343,98.0,4月5日
经中路-环南路,2024-04-05 00:00:00,349,99.71428571428571,4月5日
经中路-环南路,2024-04-05 01:00:00,197,56.285714285714285,4月5日
经中路-环南路,2024-04-05 02:00:00,115,32.857142857142854,4月5日
经中路-环南路,2024-04-05 03:00:00,92,26.285714285714285,4月5日
经中路-环南路,2024-04-05 04:00:00,133,38.0,4月5日
经中路-环南路,2024-04-05 05:00:00,276,78.85714285714286,4月5日
经中路-环南路,2024-04-05 06:00:00,724,206.85714285714286,4月5日
经中路-环南路,2024-04-05 07:00:00,1477,422.0,4月5日
经中路-环南路,2024-04-05 08:00:00,1999,571.1428571428571,4月5日
经中路-环南路,2024-04-05 09:00:00,2405,687.1428571428571,4月5日
经中路-环南路,2024-04-05 10:00:00,2608,745.1428571428571,4月5日
经中路-环南路,2024-04-05 11:00:00,2759,788.2857142857143,4月5日
经中路-环南路,2024-04-05 12:00:00,2707,773.4285714285714,4月5日
经中路-环南路,2024-04-05 13:00:00,2944,841.1428571428571,4月5日
经中路-环南路,2024-04-05 14:00:00,2529,722.5714285714286,4月5日
经中路-环南路,2024-04-05 15:00:00,2485,710.0,4月5日
经中路-环南路,2024-04-05 16:00:00,2646,756.0,4月5日
经中路-环南路,2024-04-05 17:00:00,2753,786.5714285714286,4月5日
经中路-环南路,2024-04-05 18:00:00,2362,674.8571428571429,4月5日
经中路-环南路,2024-04-05 19:00:00,2029,579.7142857142857,4月5日
经中路-环南路,2024-04-05 20:00:00,1737,496.2857142857143,4月5日
经中路-环南路,2024-04-05 21:00:00,1267,362.0,4月5日
经中路-环南路,2024-04-05 22:00:00,909,259.7142857142857,4月5日
经中路-环南路,2024-04-05 23:00:00,649,185.42857142857142,4月5日
经中路-纬一路,2024-04-05 00:00:00,122,34.857142857142854,4月5日
经中路-纬一路,2024-04-05 01:00:00,79,22.571428571428573,4月5日
经中路-纬一路,2024-04-05 02:00:00,44,12.571428571428571,4月5日
经中路-纬一路,2024-04-05 03:00:00,46,13.142857142857142,4月5日
经中路-纬一路,2024-04-05 04:00:00,73,20.857142857142858,4月5日
经中路-纬一路,2024-04-05 05:00:00,105,30.0,4月5日
经中路-纬一路,2024-04-05 06:00:00,247,70.57142857142857,4月5日
经中路-纬一路,2024-04-05 07:00:00,397,113.42857142857143,4月5日
经中路-纬一路,2024-04-05 08:00:00,663,189.42857142857142,4月5日
经中路-纬一路,2024-04-05 09:00:00,853,243.71428571428572,4月5日
经中路-纬一路,2024-04-05 10:00:00,953,272.2857142857143,4月5日
经中路-纬一路,2024-04-05 11:00:00,972,277.7142857142857,4月5日
经中路-纬一路,2024-04-05 12:00:00,990,282.85714285714283,4月5日
经中路-纬一路,2024-04-05 13:00:00,1105,315.7142857142857,4月5日
经中路-纬一路,2024-04-05 14:00:00,1027,293.42857142857144,4月5日
经中路-纬一路,2024-04-05 15:00:00,1075,307.14285714285717,4月5日
经中路-纬一路,2024-04-05 16:00:00,901,257.42857142857144,4月5日
经中路-纬一路,2024-04-05 17:00:00,998,285.14285714285717,4月5日
经中路-纬一路,2024-04-05 18:00:00,871,248.85714285714286,4月5日
经中路-纬一路,2024-04-05 19:00:00,745,212.85714285714286,4月5日
经中路-纬一路,2024-04-05 20:00:00,726,207.42857142857142,4月5日
经中路-纬一路,2024-04-05 21:00:00,539,154.0,4月5日
经中路-纬一路,2024-04-05 22:00:00,358,102.28571428571429,4月5日
经中路-纬一路,2024-04-05 23:00:00,194,55.42857142857143,4月5日
经中路-纬中路,2024-04-05 00:00:00,355,101.42857142857143,4月5日
经中路-纬中路,2024-04-05 01:00:00,203,58.0,4月5日
经中路-纬中路,2024-04-05 02:00:00,125,35.714285714285715,4月5日
经中路-纬中路,2024-04-05 03:00:00,113,32.285714285714285,4月5日
经中路-纬中路,2024-04-05 04:00:00,140,40.0,4月5日
经中路-纬中路,2024-04-05 05:00:00,245,70.0,4月5日
经中路-纬中路,2024-04-05 06:00:00,627,179.14285714285714,4月5日
经中路-纬中路,2024-04-05 07:00:00,1250,357.14285714285717,4月5日
经中路-纬中路,2024-04-05 08:00:00,1623,463.7142857142857,4月5日
经中路-纬中路,2024-04-05 09:00:00,2035,581.4285714285714,4月5日
经中路-纬中路,2024-04-05 10:00:00,2121,606.0,4月5日
经中路-纬中路,2024-04-05 11:00:00,2102,600.5714285714286,4月5日
经中路-纬中路,2024-04-05 12:00:00,2153,615.1428571428571,4月5日
经中路-纬中路,2024-04-05 13:00:00,2238,639.4285714285714,4月5日
经中路-纬中路,2024-04-05 14:00:00,2167,619.1428571428571,4月5日
经中路-纬中路,2024-04-05 15:00:00,2190,625.7142857142857,4月5日
经中路-纬中路,2024-04-05 16:00:00,2392,683.4285714285714,4月5日
经中路-纬中路,2024-04-05 17:00:00,2418,690.8571428571429,4月5日
经中路-纬中路,2024-04-05 18:00:00,2129,608.2857142857143,4月5日
经中路-纬中路,2024-04-05 19:00:00,1897,542.0,4月5日
经中路-纬中路,2024-04-05 20:00:00,1900,542.8571428571429,4月5日
经中路-纬中路,2024-04-05 21:00:00,1453,415.14285714285717,4月5日
经中路-纬中路,2024-04-05 22:00:00,956,273.14285714285717,4月5日
经中路-纬中路,2024-04-05 23:00:00,621,177.42857142857142,4月5日
经二路-纬中路,2024-04-05 00:00:00,247,70.57142857142857,4月5日
经二路-纬中路,2024-04-05 01:00:00,121,34.57142857142857,4月5日
经二路-纬中路,2024-04-05 02:00:00,50,14.285714285714286,4月5日
经二路-纬中路,2024-04-05 03:00:00,44,12.571428571428571,4月5日
经二路-纬中路,2024-04-05 04:00:00,43,12.285714285714286,4月5日
经二路-纬中路,2024-04-05 05:00:00,79,22.571428571428573,4月5日
经二路-纬中路,2024-04-05 06:00:00,224,64.0,4月5日
经二路-纬中路,2024-04-05 07:00:00,567,162.0,4月5日
经二路-纬中路,2024-04-05 08:00:00,800,228.57142857142858,4月5日
经二路-纬中路,2024-04-05 09:00:00,1009,288.2857142857143,4月5日
经二路-纬中路,2024-04-05 10:00:00,1036,296.0,4月5日
经二路-纬中路,2024-04-05 11:00:00,1311,374.57142857142856,4月5日
经二路-纬中路,2024-04-05 12:00:00,1384,395.42857142857144,4月5日
经二路-纬中路,2024-04-05 13:00:00,831,237.42857142857142,4月5日
经二路-纬中路,2024-04-05 14:00:00,1045,298.57142857142856,4月5日
经二路-纬中路,2024-04-05 15:00:00,1316,376.0,4月5日
经二路-纬中路,2024-04-05 16:00:00,357,102.0,4月5日
经二路-纬中路,2024-04-05 17:00:00,864,246.85714285714286,4月5日
经二路-纬中路,2024-04-05 18:00:00,788,225.14285714285714,4月5日
经二路-纬中路,2024-04-05 19:00:00,943,269.42857142857144,4月5日
经二路-纬中路,2024-04-05 20:00:00,1008,288.0,4月5日
经二路-纬中路,2024-04-05 21:00:00,722,206.28571428571428,4月5日
经二路-纬中路,2024-04-05 22:00:00,507,144.85714285714286,4月5日
经二路-纬中路,2024-04-05 23:00:00,341,97.42857142857143,4月5日
经五路-纬中路,2024-04-05 00:00:00,43,12.285714285714286,4月5日
经五路-纬中路,2024-04-05 01:00:00,21,6.0,4月5日
经五路-纬中路,2024-04-05 02:00:00,11,3.142857142857143,4月5日
经五路-纬中路,2024-04-05 03:00:00,12,3.4285714285714284,4月5日
经五路-纬中路,2024-04-05 04:00:00,10,2.857142857142857,4月5日
经五路-纬中路,2024-04-05 05:00:00,32,9.142857142857142,4月5日
经五路-纬中路,2024-04-05 06:00:00,94,26.857142857142858,4月5日
经五路-纬中路,2024-04-05 07:00:00,190,54.285714285714285,4月5日
经五路-纬中路,2024-04-05 08:00:00,374,106.85714285714286,4月5日
经五路-纬中路,2024-04-05 09:00:00,466,133.14285714285714,4月5日
经五路-纬中路,2024-04-05 10:00:00,544,155.42857142857142,4月5日
经五路-纬中路,2024-04-05 11:00:00,539,154.0,4月5日
经五路-纬中路,2024-04-05 12:00:00,703,200.85714285714286,4月5日
经五路-纬中路,2024-04-05 13:00:00,693,198.0,4月5日
经五路-纬中路,2024-04-05 14:00:00,673,192.28571428571428,4月5日
经五路-纬中路,2024-04-05 15:00:00,719,205.42857142857142,4月5日
经五路-纬中路,2024-04-05 16:00:00,287,82.0,4月5日
经五路-纬中路,2024-04-05 17:00:00,619,176.85714285714286,4月5日
经五路-纬中路,2024-04-05 18:00:00,227,64.85714285714286,4月5日
经五路-纬中路,2024-04-05 19:00:00,403,115.14285714285714,4月5日
经五路-纬中路,2024-04-05 20:00:00,350,100.0,4月5日
经五路-纬中路,2024-04-05 21:00:00,275,78.57142857142857,4月5日
经五路-纬中路,2024-04-05 22:00:00,174,49.714285714285715,4月5日
经五路-纬中路,2024-04-05 23:00:00,54,15.428571428571429,4月5日
经四路-纬中路,2024-04-05 00:00:00,137,39.142857142857146,4月5日
经四路-纬中路,2024-04-05 01:00:00,85,24.285714285714285,4月5日
经四路-纬中路,2024-04-05 02:00:00,15,4.285714285714286,4月5日
经四路-纬中路,2024-04-05 03:00:00,19,5.428571428571429,4月5日
经四路-纬中路,2024-04-05 04:00:00,25,7.142857142857143,4月5日
经四路-纬中路,2024-04-05 05:00:00,80,22.857142857142858,4月5日
经四路-纬中路,2024-04-05 06:00:00,89,25.428571428571427,4月5日
经四路-纬中路,2024-04-05 07:00:00,101,28.857142857142858,4月5日
经四路-纬中路,2024-04-05 08:00:00,97,27.714285714285715,4月5日
经四路-纬中路,2024-04-05 09:00:00,97,27.714285714285715,4月5日
经四路-纬中路,2024-04-05 10:00:00,87,24.857142857142858,4月5日
经四路-纬中路,2024-04-05 11:00:00,66,18.857142857142858,4月5日
经四路-纬中路,2024-04-05 12:00:00,89,25.428571428571427,4月5日
经四路-纬中路,2024-04-05 13:00:00,98,28.0,4月5日
经四路-纬中路,2024-04-05 14:00:00,56,16.0,4月5日
经四路-纬中路,2024-04-05 15:00:00,112,32.0,4月5日
经四路-纬中路,2024-04-05 16:00:00,80,22.857142857142858,4月5日
经四路-纬中路,2024-04-05 17:00:00,66,18.857142857142858,4月5日
经四路-纬中路,2024-04-05 18:00:00,59,16.857142857142858,4月5日
经四路-纬中路,2024-04-05 19:00:00,85,24.285714285714285,4月5日
经四路-纬中路,2024-04-05 20:00:00,125,35.714285714285715,4月5日
经四路-纬中路,2024-04-05 21:00:00,91,26.0,4月5日
经四路-纬中路,2024-04-05 22:00:00,139,39.714285714285715,4月5日
经四路-纬中路,2024-04-05 23:00:00,102,29.142857142857142,4月5日
